,date,link,title,length
0,2017-12-20,https://www.youtube.com/watch?v=IhEA0bVu0LE,うんこちゃん『awdqadqwqwd』2枠目（ニコ生革命2014）【2014/01/01】,8400
1,2017-12-20,https://www.youtube.com/watch?v=TzE3WruD8Xs,うんこちゃん『awdqadqwqwd』3枠目【2014/01/01】,4740
2,2017-12-20,https://www.youtube.com/watch?v=EZ6M2sPvCCU,うんこちゃん『インターネット接続放送』1枠目【2014/01/29】,1781
3,2017-12-20,https://www.youtube.com/watch?v=eegr7l7JkJ4,うんこちゃん『インターネット接続放送』2枠目【2014/01/29】,3595
4,2017-12-20,https://www.youtube.com/watch?v=L2pEYretmok,うんこちゃん『インターネット接続放送』3枠目【2014/01/29】,4785
5,2017-12-21,https://www.youtube.com/watch?v=3xC87AgiX6Q,うんこちゃん『姉』【2014/02/26】,3679
6,2017-12-21,https://www.youtube.com/watch?v=VAt7YfHuVv4,うんこちゃん『悲』【2014/02/28】,1717
7,2017-12-21,https://www.youtube.com/watch?v=RVlzIIKeryg,うんこちゃん『以前より』【2014/03/03】,262
8,2017-12-21,https://www.youtube.com/watch?v=wrHUk12OGBk,うんこちゃん『報復』【2014/03/04】,1203
9,2017-12-21,https://www.youtube.com/watch?v=1LMjE2G8epM,うんこちゃん『雑談』【2014/03/04】,2148
10,2017-12-23,https://www.youtube.com/watch?v=HqjX_sdRFJo,うんこちゃん『雑談』【2014/03/10】,11018
11,2017-12-23,https://www.youtube.com/watch?v=Yuy2Uzq_HLY,うんこちゃん『雑談』【2014/03/13】,3972
12,2017-12-23,https://www.youtube.com/watch?v=MAZa6kUHIRs,うんこちゃん『雑談』その１【2014/03/15】,914
13,2017-12-23,https://www.youtube.com/watch?v=R2_mYvR2sFI,うんこちゃん『雑談』その２【2014/03/15】,960
14,2017-12-23,https://www.youtube.com/watch?v=jEQy4bG0eNE,うんこちゃん『雑談』その３【2014/03/15】,8090
15,2017-12-24,https://www.youtube.com/watch?v=ZuUGzuMTM8Q,うんこちゃん『雑談』【2014/03/18】,7495
16,2017-12-25,https://www.youtube.com/watch?v=N43Fr-ezUwA,うんこちゃん『雑談』その１(規制回避版)【2014/03/19】,7133
17,2017-12-24,https://www.youtube.com/watch?v=ppI7JVrMp4M,うんこちゃん『雑談』その２【2014/03/19】,3154
18,2017-12-24,https://www.youtube.com/watch?v=1dBhu_jnX6M,うんこちゃん『雑談』その３【2014/03/19】,11801
19,2017-12-27,https://www.youtube.com/watch?v=AYfi6VKg4bM,うんこちゃん『雑談』【2014/03/20】,11564
20,2017-12-27,https://www.youtube.com/watch?v=wRujuzPVy-M,うんこちゃん『雑談』【2014/03/21】,9357
21,2017-12-27,https://www.youtube.com/watch?v=1IQjO4AcXFY,うんこちゃん『雑談』【2014/03/22】,4137
22,2017-12-28,https://www.youtube.com/watch?v=g376vcwgd8Y,うんこちゃん『雑談』【2014/03/28】,14931
23,2017-12-28,https://www.youtube.com/watch?v=_arpqL_Ia_A,うんこちゃん『るろうに剣心前の雑談・準備』【2014/03/29】,724
24,2017-12-28,https://www.youtube.com/watch?v=QpArLcQSfy0,うんこちゃん『るろうに剣心 -明治剣客浪漫譚- 炎上!京都輪廻』【2014/03/29】,13159
25,2017-12-29,https://www.youtube.com/watch?v=ty98l5VNK-Q,うんこちゃん『雑談』【2014/03/30】,8056
26,2017-12-29,https://www.youtube.com/watch?v=3cT_l9QOKf8,うんこちゃん『ポケモン黄Part1前の雑談』【2014/03/30】,227
27,2018-01-03,https://www.youtube.com/watch?v=ooSEp0Nbaeg,うんこちゃん『野球実況 巨人x中日』(映像無)【2014/04/04】,9675
28,2018-01-03,https://www.youtube.com/watch?v=cxnifya405Y,うんこちゃん『野球実況 巨人x中日』(映像有)【2014/04/04】,7136
29,2018-01-03,https://www.youtube.com/watch?v=welEVEvhKdE,うんこちゃん『ポケモン黄 Part4後の雑談』【2014/04/04】,9532
30,2018-01-03,https://www.youtube.com/watch?v=wt7TBH0ZdTY,うんこちゃん『雑談』【2014/04/08】,10113
31,2018-01-03,https://www.youtube.com/watch?v=L4QFP0Y6Mhk,うんこちゃん『雑談』【2014/04/11】,2466
32,2018-01-03,https://www.youtube.com/watch?v=4jEEKmc3WfQ,うんこちゃん『野球実況 巨人x阪神(映像有、野球実況部分のみ)』【2014/04/11】,3945
33,2018-01-04,https://www.youtube.com/watch?v=GbDTg23-Bzs,うんこちゃん『雑談・野球実況 巨人x阪神(映像無し)』(規制回避版)【2014/04/11】,15575
34,2018-01-07,https://www.youtube.com/watch?v=otewIdRACkg,うんこちゃん『テスト』【2014/04/11】,64
35,2018-01-07,https://www.youtube.com/watch?v=8E8Q3ivPytQ,うんこちゃん『雑談』【2014/04/13】,8952
36,2018-01-07,https://www.youtube.com/watch?v=783tC43K0YI,うんこちゃんxもこうx蛟『ゴミ』【2014/04/14】,5398
37,2018-01-07,https://www.youtube.com/watch?v=0LqMLxv78Pw,うんこちゃん『雑談』【2014/04/14】,3702
38,2017-12-04,https://www.youtube.com/watch?v=SPndIxyId5I,うんこちゃん『雑談放送その１』【2014/04/17】,1732
39,2017-12-04,https://www.youtube.com/watch?v=EW8CPddwots,うんこちゃん『雑談放送その２』【2014/04/18】,1318
40,2018-01-07,https://www.youtube.com/watch?v=BK6NgBljt4g,うんこちゃん『薄幸』【2014/04/18】,6380
41,2018-01-07,https://www.youtube.com/watch?v=I619IxE8vpw,うんこちゃん『問い合わせ。』【2014/04/19】,5405
42,2018-01-07,https://www.youtube.com/watch?v=dAeSzJkOHPQ,うんこちゃん『名古屋様』【2014/04/19】,5003
43,2018-01-07,https://www.youtube.com/watch?v=MFV1PZew4Kw,うんこちゃん『あｓ』【2014/04/19】,7075
44,2018-01-11,https://www.youtube.com/watch?v=s8s956UWyPw,うんこちゃん『あ』【2014/04/21】,985
45,2018-01-11,https://www.youtube.com/watch?v=CUbH09k8ecs,うんこちゃん『ワラタ』【2014/04/21】,1746
46,2018-01-11,https://www.youtube.com/watch?v=5YRJClhgBCw,うんこちゃん 『おい９うおういｈｙ』【2014/04/21】,545
47,2018-01-11,https://www.youtube.com/watch?v=-vD8FP_zlRY,うんこちゃん『ミラー職人・管理者を決める』【2014/04/22】,2824
48,2018-01-11,https://www.youtube.com/watch?v=C2yPBYwyKiM,うんこちゃん『ﾒｼ』【2014/04/26】,5937
49,2018-01-11,https://www.youtube.com/watch?v=vRa8-l_VKrQ,うんこちゃん 『10分ミーティング』【2014/04/26】,1928
50,2018-01-13,https://www.youtube.com/watch?v=bbGCNcH1rpw,うんこちゃん『10分会議』【2014/04/27】,5134
51,2018-01-13,https://www.youtube.com/watch?v=8rTQTj7Q7KM,うんこちゃん『無策』【2014/05/01】,7557
52,2018-01-13,https://www.youtube.com/watch?v=Ihs5aKUSxQc,うんこちゃん 『キャッチコピー選手権』【2014/05/01】,1973
53,2018-01-15,https://www.youtube.com/watch?v=oeGkLQEDoVQ,うんこちゃん『a』【2014/05/05】,706
54,2018-01-16,https://www.youtube.com/watch?v=InGiU-JZ7t4,うんこちゃん『風呂沸くまでだよ』【2014/05/12】,5356
55,2018-01-16,https://www.youtube.com/watch?v=5o9rUsuHT7Q,うんこちゃん『ちょっとまてよ！』【2014/05/12】,442
56,2018-01-18,https://www.youtube.com/watch?v=wwYA_NnmJM8,うんこちゃん『くっそ疲れ申した』【2014/05/21】,8995
57,2018-01-18,https://www.youtube.com/watch?v=tty5uctxZuM,うんこちゃん『週末』【2014/05/23】,11490
58,2018-01-21,https://www.youtube.com/watch?v=iFwgOOm_Xjs,うんこちゃん『火曜日』【2014/05/27】,10782
59,2018-01-22,https://www.youtube.com/watch?v=IT-OUf9yHQU,うんこちゃん『読売巨人軍応援団団長巨人軍栄光応援生放送』【2014/05/28】,3138
60,2018-01-22,https://www.youtube.com/watch?v=n-tcoMrg5Fs,うんこちゃん『梅雨』(前枠)【2014/06/05】,36
61,2018-01-22,https://www.youtube.com/watch?v=XGHZ_Qjr5Qo,うんこちゃん『梅雨』【2014/06/05】,12601
62,2018-01-22,https://www.youtube.com/watch?v=SwW_kgzS38k,うんこちゃん『ユーザーチャンネル立候補します！』【2014/06/12】,3653
63,2018-01-22,https://www.youtube.com/watch?v=UZ8ussf9Is8,うんこちゃん『空』【2014/06/14】,6179
64,2018-01-22,https://www.youtube.com/watch?v=KibbP18wHxU,うんこちゃん×蛟『ゴミ』【2014/06/14】,1792
65,2018-01-22,https://www.youtube.com/watch?v=dXuIgxqKneo,うんこちゃんx蛟『まず飯を食う』【2014/06/14】,10581
66,2017-12-29,https://www.youtube.com/watch?v=IlnE2imFjFg,うんこちゃん『15分間凝縮』【2014/06/21】,5973
67,2017-12-29,https://www.youtube.com/watch?v=TbQhPOPLMMA,うんこちゃん『雑』【2014/06/25】,5303
68,2018-01-22,https://www.youtube.com/watch?v=5_dGvHoGrSo,うんこちゃん『飯を食う』(雑談・熱血格闘伝説の準備部分)【2014/06/29】,7252
69,2018-01-25,https://www.youtube.com/watch?v=BBrjGcu1cac,うんこちゃん『ゴミ雑談』【2014/07/02】,7268
70,2018-01-25,https://www.youtube.com/watch?v=wnhzais6Uew,うんこちゃん『娑婆』【2014/07/18】,1817
71,2018-01-25,https://www.youtube.com/watch?v=rSZpgktsFPI,うんこちゃん『あ』【2014/07/18】,4320
72,2018-01-25,https://www.youtube.com/watch?v=s6nVQDEzQKI,うんこちゃん『巨人』【2014/07/18】,6655
73,2018-01-25,https://www.youtube.com/watch?v=h9_qaYKOVC4,うんこちゃん『無』【2014/07/23】,3498
74,2018-01-25,https://www.youtube.com/watch?v=ayFf5qN4hWs,うんこちゃん『俺を一人にするな』【2014/07/23】,20724
75,2018-01-25,https://www.youtube.com/watch?v=zmgCqOhJ1FM,うんこちゃん『今日は30時間くらいやるよ＾＾』【2014/07/23】,7433
76,2018-01-25,https://www.youtube.com/watch?v=_RIvfw83bNY,うんこちゃん『さみしい』【2014/07/27】,2528
77,2018-01-25,https://www.youtube.com/watch?v=1iGyuiG6R9A,うんこちゃん『晴れて無職』【2014/07/31】,11124
78,2018-01-27,https://www.youtube.com/watch?v=H3dZw1_uqCw,うんこちゃん『一人がさみしい(;_;)』【2014/08/02】,9105
79,2018-01-27,https://www.youtube.com/watch?v=PAAhXKTMZ1g,うんこちゃん『やります』【2014/08/04】,4851
80,2018-01-29,https://www.youtube.com/watch?v=AlSK3OmgYFU,うんこちゃん『。』【2014/08/06】,3768
81,2018-01-29,https://www.youtube.com/watch?v=D3R5fdUUT5M,うんこちゃん『.』【2014/08/11】,1794
82,2018-01-29,https://www.youtube.com/watch?v=W5Gwgw7I470,うんこちゃん『雑談天国』【2014/08/11】,13762
83,2018-01-29,https://www.youtube.com/watch?v=U_3G2-w27Ek,うんこちゃん『雑談天国』【2014/08/14】,10798
84,2018-01-30,https://www.youtube.com/watch?v=F6kdPWgXQ4o,もこうxうんこちゃん『もこうの配信に電話出演』【2014/08/23】,292
85,2018-02-01,https://www.youtube.com/watch?v=QTDWCGC4ocg,うんこちゃん『俺は悪くない!!!!!!』【2014/08/26】,7093
86,2018-02-01,https://www.youtube.com/watch?v=cbkgm9K-5X0,うんこちゃん『カウントダウン』【2014/08/27】,4233
87,2018-02-02,https://www.youtube.com/watch?v=r4FXm7QWluA,うんこちゃん『ルール決める』【2014/08/30】,8997
88,2018-02-02,https://www.youtube.com/watch?v=rNf8BM8w1ag,うんこちゃん『雑談』【2014/09/05】,5411
89,2018-02-02,https://www.youtube.com/watch?v=7dXNm188Bw4,うんこちゃん『勝手に終わらせるんじゃねーよ』【2014/09/05】,4080
90,2018-02-05,https://www.youtube.com/watch?v=EGPHBDQTcM8,うんこちゃん『あ』【2014/09/07】,1928
91,2018-02-05,https://www.youtube.com/watch?v=FGHWFuNs0Qo,うんこちゃん『野次馬』【2014/09/10】,1795
92,2018-02-05,https://www.youtube.com/watch?v=ECQg6hP5CqE,うんこちゃん『ユーザーチャンネルについて』【2014/09/12】,1802
93,2018-02-05,https://www.youtube.com/watch?v=io6UM2yPofg,【ch】うんこちゃん『第1回』【2014/09/12】,1788
94,2018-02-05,https://www.youtube.com/watch?v=8Hmwan0DESs,うんこちゃん『雑談』【2014/09/12】,8725
95,2018-02-05,https://www.youtube.com/watch?v=c_Aa7dNo3Bg,うんこちゃんxよっちゃんx布団ちゃん『雑談』【2014/09/12】,4884
96,2018-02-08,https://www.youtube.com/watch?v=P-XgReI1LVw,うんこちゃん『昼』【2014/09/13】,5603
97,2018-02-08,https://www.youtube.com/watch?v=ZnFSOU9fQDg,うんこちゃん『また昼』(準備枠)【2014/09/20】,130
98,2018-02-08,https://www.youtube.com/watch?v=urY2boHM7F8,うんこちゃんx石川典行『また昼』【2014/09/20】,13633
99,2018-02-10,https://www.youtube.com/watch?v=Q0Ibhfp7UHI,うんこちゃん『昼２』【2014/09/21】,4181
100,2018-03-05,https://www.youtube.com/watch?v=DbLDp0hCfF0,うんこちゃん『30分雑談』【2014/09/29】,1749
101,2018-03-05,https://www.youtube.com/watch?v=V0BJMmbJXAg,うんこちゃん『60分雑談』【2014/09/30】,2909
102,2018-03-05,https://www.youtube.com/watch?v=T7DEtUo4pNg,うんこちゃん『30分雑談』【2014/10/03】,2699
103,2018-03-09,https://www.youtube.com/watch?v=20yckHwZcMg,【ch】うんこちゃん『テスト』【2014/10/03】,2293
104,2018-03-09,https://www.youtube.com/watch?v=klKO2AC_K5w,うんこちゃん『10分やる』【2014/10/08】,5393
105,2017-12-02,https://www.youtube.com/watch?v=HTbttQ_HbJ8,うんこちゃん『女が皆指にますように』【2014/10/15】,876
106,2017-12-02,https://www.youtube.com/watch?v=2lAJAcSmrlU,うんこちゃん『きがすんだとおもうなよ』【2014/10/15】,3589
107,2018-03-09,https://www.youtube.com/watch?v=Zfw5xOYEz64,うんこちゃん『あ』【2014/10/21】,7197
108,2018-03-10,https://www.youtube.com/watch?v=2ZfCuvLXNdI,うんこちゃん『不毛な時間』【2014/10/21-22】,3304
109,2018-03-12,https://www.youtube.com/watch?v=IvQ6t9BAulk,うんこちゃん『a』【2014/10/24】,7875
110,2018-03-12,https://www.youtube.com/watch?v=GgB1prFsN34,うんこちゃん『3じまで』【2014/10/27】,3584
111,2018-03-13,https://www.youtube.com/watch?v=jG0OHAt7fb4,うんこちゃん『2014.11/1』【2014/11/01】,7765
112,2018-03-13,https://www.youtube.com/watch?v=UwP4aKSR8JE,うんこちゃん『風邪ひいてる』【2014/11/05】,3707
113,2018-03-13,https://www.youtube.com/watch?v=6RAFgCtmxJU,【ch】うんこちゃん『生放送で食っていくので放送せざるを得ない』【2014/11/06】,12429
114,2018-03-20,https://www.youtube.com/watch?v=ZivPAaN4vQk,うんこちゃん『最近』【2014/11/19】,1904
115,2018-03-29,https://www.youtube.com/watch?v=PtHpO09mkIc,【ch】うんこちゃん『第13回』（雑談・ゲーム選び部分）【2014/11/23】,3768
116,2018-04-10,https://www.youtube.com/watch?v=BX1_N_xZ1Bw,【ch】うんこちゃん『雑談』【2014/12/08】,5384
117,2017-11-07,https://www.youtube.com/watch?v=aaZ4LkwSHZw,【ch】うんこちゃん『スーパーマリオRPGPart7前の雑談』【2014/12/13】,3301
118,2017-11-07,https://www.youtube.com/watch?v=AtHwUWYROoA,【ch】うんこちゃん『スーパーマリオRPG Part7後の雑談』【2014/12/13】,1928
119,2018-04-12,https://www.youtube.com/watch?v=tBRxD3vf_ek,【ch】うんこちゃん『にげるな』【2014/12/13-14】,8763
120,2017-12-13,https://www.youtube.com/watch?v=-Wd-jmnwihI,【ch】うんこちゃん『パワプロ2014 栄冠ナイン Part6前の雑談』【2014/12/14】,1658
121,2018-04-12,https://www.youtube.com/watch?v=_rOx_qlhYWQ,【ch】うんこちゃん『雑談』【2014/12/17】,11005
122,2018-04-12,https://www.youtube.com/watch?v=ppamQFYuZPw,【ch】うんこちゃん『セルビアリベンジチャンス』【2014/12/20】,1162
123,2018-04-12,https://www.youtube.com/watch?v=SNYhm84SGDQ,うんこちゃん『うんこちゃんの放送』【2014/12/20】,148
124,2018-04-12,https://www.youtube.com/watch?v=sY1wuSUQ41k,【ch】うんこちゃん『；；』【2014/12/20】,1800
125,2018-04-12,https://www.youtube.com/watch?v=grw8kKlReVY,【ch】うんこちゃんxゴロリ(ワカメちゃん)『；；』【2014/12/20】,1236
126,2018-04-15,https://www.youtube.com/watch?v=IbFG2eP6Vo8,【ch】うんこちゃん『昼』【2014/12/21】,2429
127,2018-04-17,https://www.youtube.com/watch?v=-BBvk3Sgsuw,【ch】うんこちゃん『雑談』【2014/12/24】,8995
128,2017-12-08,https://www.youtube.com/watch?v=A2x7I-0DclU,【ch】うんこちゃん『ポケモンスナップ後の雑談・Cursors』【2014/12/26】,2895
129,2018-04-17,https://www.youtube.com/watch?v=_l8oowU6Ejc,【ch】うんこちゃん『ikbi』【2014/12/27】,6644
130,2018-04-17,https://www.youtube.com/watch?v=xe9nBmSR76E,【ch】うんこちゃん『告知』【2014/12/30】,1791
131,2022-08-17,https://www.youtube.com/watch?v=moS4MZ6ZqXo,うんこちゃん『やっていくことに決めた。今決めた。』【2015/03/12】,4495
132,2022-09-02,https://www.youtube.com/watch?v=hjyTOZlHHrw,うんこちゃん『加藤純一（雑談部分）』1/4【2015/06/13】,5181
133,2022-09-03,https://www.youtube.com/watch?v=VIzfGMRFcNU,うんこちゃん『加藤純二（雑談部分）』1/2【2015/06/15】,1836
134,2020-12-21,https://www.youtube.com/watch?v=esuJTs8ZKj8,うんこちゃん 『雑談』 【2016/02/08】,7189
135,2021-02-16,https://www.youtube.com/watch?v=XmBnu4N2IOA,うんこちゃん 『雑談』 【2016/03/06】,5411
136,2017-11-27,https://www.youtube.com/watch?v=hyqs2Ypkh_Y,【ch】うんこちゃん『雑談』【2016/3/26】,8481
137,2020-07-05,https://www.youtube.com/watch?v=rr1UOCkuT_M,うんこちゃん×天狗ちゃん『脱出してきた』 【2016/04/25】,5076
138,2018-07-04,https://www.youtube.com/watch?v=nW-CPvUxdKg,うんこちゃん『太鼓のオワタツジン』【2016/05/13】,1488
139,2018-07-04,https://www.youtube.com/watch?v=t7Av8jbIBuA,うんこちゃん『ピクミン2 Part3後の雑談』【2016/05/13】,2664
140,2018-01-03,https://www.youtube.com/watch?v=agMGFWTjg-8,うんこちゃん『ラジオ体操純一』【2016/06/23】,9215
141,2018-01-01,https://www.youtube.com/watch?v=LpD9CZxrsUg,【ch】うんこちゃん『雑談』【2016/07/01】,3116
142,2016-07-10,https://www.youtube.com/watch?v=WlxIFxyJHWM,【前半】『加藤純一　雑談ライブ』 ～ノープランでごめんなさい～,4200
143,2016-07-10,https://www.youtube.com/watch?v=fyss_u0zZ9E,【アフタートーク】『加藤純一　雑談ライブ』 ～ノープランでごめんなさい～,1783
144,2016-07-10,https://www.youtube.com/watch?v=oVJCG8CAGzk,【後半】『加藤純一　雑談ライブ』 ～ノープランでごめんなさい～,2324
145,2017-11-11,https://www.youtube.com/watch?v=Ha1ppBKdDz0,うんこちゃん『ピクミン2 Part7後の雑談』【2016/8/3】,3836
146,2017-11-11,https://www.youtube.com/watch?v=-EWjqQo4g98,うんこちゃん『加藤純一の森』【2016/08/03】,1525
147,2017-12-28,https://www.youtube.com/watch?v=Svr4pFb6oBk,【ch】うんこちゃん『夏休み最後の哀愁漂う雑談』【2016/08/31】,1838
148,2016-11-05,https://www.youtube.com/watch?v=N6yWmSjrn0I,加藤純一ライブ『くっちゃべ！』【前半】,3496
149,2016-11-05,https://www.youtube.com/watch?v=drDyFeBwRSE,加藤純一ライブ『くっちゃべ！』【後半】,2877
150,2016-11-05,https://www.youtube.com/watch?v=EBlx011v5cM,加藤純一ライブ『くっちゃべ！』【アフタートーク】,952
151,2016-12-04,https://www.youtube.com/watch?v=os80fR_PFDk,【告知】第二回加藤純一万博について,2870
152,2017-01-01,https://www.youtube.com/watch?v=G1MdMUZpXL4,【生放送版】第2回加藤純一万博,10695
153,2017-01-21,https://www.youtube.com/watch?v=CqHS3FFQT1U,【生放送】何やるか決める,4364
154,2017-01-19,https://www.youtube.com/watch?v=TeUANb5_1-c,【生放送】雑談,3424
155,2018-02-14,https://www.youtube.com/watch?v=SsXOQ2XtG8c,うんこちゃん、日本の闇について語る【2017/10/30】,699
156,2020-11-07,https://www.youtube.com/watch?v=YfYugb4gbgs,うんこちゃん 『悲しみの雑談』 【2017/02/10】,5234
157,2017-01-30,https://www.youtube.com/watch?v=4PQhcAhCiX4,【生放送】as,6234
158,2017-02-04,https://www.youtube.com/watch?v=jq_xoT4n-KM,【旅】加藤純一のドライブアゴーゴー 館山編【生放送】,42900
159,2017-02-09,https://www.youtube.com/watch?v=hfIGXcaO5h8,【生放送】悲しみの雑談,5268
160,2017-02-15,https://www.youtube.com/watch?v=3FspWznyvDI,【生放送】本音ではしご酒,4910
161,2017-02-17,https://www.youtube.com/watch?v=wwJMPZ66KUI,【生放送】イベント反省会,11430
162,2017-02-19,https://www.youtube.com/watch?v=0b33AVX1M2c,【生放送】3分だけ,1056
163,2017-02-19,https://www.youtube.com/watch?v=l9sKVlflwyk,【生放送】帰宅,2516
164,2017-02-20,https://www.youtube.com/watch?v=LiwcGBEzLV0,加藤純一ライブ『くっちゃべ』 前半,2987
165,2017-02-20,https://www.youtube.com/watch?v=GzERIvlo3Eo,加藤純一ライブ『くっちゃべ』 後半,5219
166,2017-03-11,https://www.youtube.com/watch?v=l2ymkdZuekA,【生放送】雑談,1297
167,2017-04-02,https://www.youtube.com/watch?v=UO9eWJlTc5o,【生放送】腹ごしらえ,2470
168,2017-04-02,https://www.youtube.com/watch?v=gondrSMAylo,テスト配信,7355
169,2017-04-13,https://www.youtube.com/watch?v=SkA0Qxz-Rf0,【生放送】雑談/Dead by daylight,11041
170,2017-05-03,https://www.youtube.com/watch?v=ydrAtzYrupQ,【生放送】GW,1883
171,2017-05-05,https://www.youtube.com/watch?v=DrmuXl22BQk,GW3日目,12511
172,2017-05-13,https://www.youtube.com/watch?v=7j5-mhKx3ME,加藤純一ライブ『くっちゃべ』前半,3475
173,2017-05-13,https://www.youtube.com/watch?v=UKSbezVEqzw,加藤純一ライブ『くっちゃべ』後半,3238
174,2017-05-15,https://www.youtube.com/watch?v=-DAApXnppS4,30分雑談して寝る（雑談/医学の授業）,4809
175,2017-05-21,https://www.youtube.com/watch?v=bd9rRAPyUmY,飯を食うぞ！放送,7610
176,2017-05-26,https://www.youtube.com/watch?v=-lWNnBik0LY,飯を食うぞ！放送,7984
177,2017-06-08,https://www.youtube.com/watch?v=mqa6681P9wE,飯食う人,8491
178,2017-06-17,https://www.youtube.com/watch?v=7FPlStddCEg,30分雑談,4996
179,2017-06-21,https://www.youtube.com/watch?v=5c8j3Umy5Kc,魂の雑談/DBD,6945
180,2017-06-27,https://www.youtube.com/watch?v=dNMVeHr7Gsg,夏に向けての会議,4056
181,2017-07-06,https://www.youtube.com/watch?v=4JoyCATCjqY,雑談,11790
182,2017-07-12,https://www.youtube.com/watch?v=U-eaajMVND4,雑談,1303
183,2017-07-13,https://www.youtube.com/watch?v=4kK3OAVMnOE,30分雑談,5356
184,2017-07-30,https://www.youtube.com/watch?v=bpdP8yb3uEI,a,1545
185,2017-07-31,https://www.youtube.com/watch?v=K9zbXw_TK1c,２０１７の８月も加藤純一をどうぞよろしくお願いいたします。,266
186,2017-08-05,https://www.youtube.com/watch?v=zqYa4lwuDa8,復活,8851
187,2017-08-06,https://www.youtube.com/watch?v=64dl3Ue-2e4,雑談,1385
188,2017-08-07,https://www.youtube.com/watch?v=8Hc6ul93VB8,yaru,1422
189,2017-08-10,https://www.youtube.com/watch?v=IM-Nt1wmUaY,8月１０日,8924
190,2017-08-11,https://www.youtube.com/watch?v=_9VR0TLMBMk,雑談,3321
191,2017-08-13,https://www.youtube.com/watch?v=bibFkkLLJmI,新潟から帰ります,34780
192,2017-08-13,https://www.youtube.com/watch?v=QCVB5gF5r5o,新潟から帰ります その2,5696
193,2017-08-18,https://www.youtube.com/watch?v=K_yBIToRKX4,復活しました,2772
194,2017-08-22,https://www.youtube.com/watch?v=7pwKOENfr9s,ツリオヤジ,8925
195,2017-08-22,https://www.youtube.com/watch?v=L_swY3gn5Gg,酒を飲む,9200
196,2017-08-31,https://www.youtube.com/watch?v=SGxZrVi7Fws,夏休み最後の雑談,3318
197,2017-09-08,https://www.youtube.com/watch?v=J7eU9sDhBjI,加藤純一ライブ『くっちゃべ』,7323
198,2017-09-08,https://www.youtube.com/watch?v=tmkqo--4cT8,あ,562
199,2017-09-10,https://www.youtube.com/watch?v=Lgz1znO1O-g,A,1663
200,2017-09-22,https://www.youtube.com/watch?v=ta4oAoPAGzw,おはよう,3561
201,2017-09-22,https://www.youtube.com/watch?v=7CAK_4AyJ60,続・おはよう,5473
202,2017-09-22,https://www.youtube.com/watch?v=POeHgCRv5yw,中国進出放送,10038
203,2017-09-25,https://www.youtube.com/watch?v=HKNd5X0A5Tg,飲む,3956
204,2017-09-25,https://www.youtube.com/watch?v=7dCYSdyWjeI,飲む/うん国裁判,1958
205,2017-09-26,https://www.youtube.com/watch?v=2q1mLDivLQM,なにかやる,4995
206,2017-09-26,https://www.youtube.com/watch?v=JwZqQoYeNak,太鼓のオワタツジン,1490
207,2017-10-01,https://www.youtube.com/watch?v=_W43tB_GfMM,だらだら,6355
208,2017-10-05,https://www.youtube.com/watch?v=QhUyyaQKqzM,やぁ,1747
209,2017-10-06,https://www.youtube.com/watch?v=ERaC1BRzjf4,a,3067
210,2017-10-08,https://www.youtube.com/watch?v=TA8X2CvH5aM,ユーチューバー,9335
211,2017-10-08,https://www.youtube.com/watch?v=saciv5FgJp4,ユーチューバー飯を食う,4367
212,2017-10-17,https://www.youtube.com/watch?v=eig3PmsMc_Q,うんこ,2336
213,2017-10-18,https://www.youtube.com/watch?v=c7m4qjcM7dQ,雑談します,4075
214,2017-10-23,https://www.youtube.com/watch?v=3LLTokuHxC0,おはようございます！,10852
215,2017-10-28,https://www.youtube.com/watch?v=QE3VnsPvx4E,雑談,2880
216,2017-10-29,https://www.youtube.com/watch?v=OkanLLhMacA,月,13635
217,2017-10-31,https://www.youtube.com/watch?v=kMOIHqLR5-4,水,11352
218,2017-11-03,https://www.youtube.com/watch?v=PzcAZETCkXs,金,1828
219,2017-11-06,https://www.youtube.com/watch?v=RHwvRvdurUA,飯を食う,1749
220,2017-11-18,https://www.youtube.com/watch?v=Ft20SBrj_gE,飯食って寝る,1340
221,2017-11-25,https://www.youtube.com/watch?v=z9hX-ZF2kqM,雑談,6571
222,2017-12-01,https://www.youtube.com/watch?v=eu-nWFBTnWw,雑談,3333
223,2017-12-24,https://www.youtube.com/watch?v=XfQAr_uOifE,雑談,4981
224,2017-12-27,https://www.youtube.com/watch?v=tg4wEQpY9DI,年末スペシャル雑談,13734
225,2017-12-28,https://www.youtube.com/watch?v=s2uJGv-HVug,皆の知識を,2720
226,2021-08-29,https://www.youtube.com/watch?v=dl0_719eI9o,【ch】うんこちゃん『加藤純一感謝祭のMADを見る枠』【2018/01/04-05】,8281
227,2021-10-14,https://www.youtube.com/watch?v=ELE2KA4s8pk,【ch】うんこちゃん『発声』【2018/01/10】,10676
228,2021-09-21,https://www.youtube.com/watch?v=KU8cJOz_8LE,【ch】うんこちゃん『ハイパー雑談』【2018/01/13-14】,11157
229,2021-08-27,https://www.youtube.com/watch?v=RCTQCVIotdk,【ch】うんこちゃん『マカオから帰ってきました(コメ有)』【2018/10/02】,3124
230,2021-10-06,https://www.youtube.com/watch?v=ZKR073_ebo0,【TWC】うんこちゃん『飯買いに行く配信』【2018/02/13】,1487
231,2021-10-06,https://www.youtube.com/watch?v=NgJqV2KYg44,【ch】うんこちゃん『帰ってきた飯を食う放送』【2018/02/13】,4862
232,2019-01-03,https://www.youtube.com/watch?v=rDmZFLwlHQ0,雑談,8672
233,2019-01-07,https://www.youtube.com/watch?v=ImNZejgwIcY,正月気分も抜けたな,1481
234,2019-01-07,https://www.youtube.com/watch?v=IbnJrQXdmoc,正月気分も抜けたな,3406
235,2019-01-07,https://www.youtube.com/watch?v=Bw9nCF7qwd0,正月気分も抜けたな,115
236,2019-01-07,https://www.youtube.com/watch?v=0LWaV9xPk7Y,正月気分も抜けたな,3569
237,2021-08-28,https://www.youtube.com/watch?v=9qiYeT0ERTs,【ch】うんこちゃん『雑談』【2019/01/11-12】,18977
238,2021-12-29,https://www.youtube.com/watch?v=7EvPYJxw-uo,【ch】うんこちゃん『雑談』【2019/01/13】,3569
239,2021-10-18,https://www.youtube.com/watch?v=FnZWRGvNmhU,【ch】うんこちゃん『ちょっと話す』【2019/01/20-21】,14195
240,2021-08-24,https://www.youtube.com/watch?v=mmWMmGnBTNA,【ch】うんこちゃん『ボヘミアンラプソディー見てきた』2/2【2019/01/23】,22664
241,2021-08-24,https://www.youtube.com/watch?v=ubWfQLVy1vU,【ch】うんこちゃん『ボヘミアンラプソディー見てきた』1/2【2019/01/23】,22464
242,2021-08-27,https://www.youtube.com/watch?v=nZ6ZBIrl0hM,【ch】うんこちゃん『カメラを君立てる枠』【2019/02/04-05】,9926
243,2021-08-29,https://www.youtube.com/watch?v=3Q9Cq4UyvPg,【ch】うんこちゃん『雑談』【2019/02/01】,17084
244,2021-08-29,https://www.youtube.com/watch?v=Tf9vyEq3yq8,【ch】うんこちゃん『孤独』【2019/02/06】,29051
245,2021-08-30,https://www.youtube.com/watch?v=GfTgKnkZ-to,【ch】うんこちゃん『飲む』【2019/02/09】,6992
246,2021-08-26,https://www.youtube.com/watch?v=cI7DbhRnQZo,【ch】うんこちゃん『カラオケ純一(コメ有)』【2019/02/10】,11452
247,2022-01-16,https://www.youtube.com/watch?v=9GcBL92gxQo,【ch】うんこちゃん『雑談』【2019/02/12】,5399
248,2021-09-29,https://www.youtube.com/watch?v=GxD0BMD7O7Q,【ch】うんこちゃん『雑(雑談部分)』【2019/02/14-15】,22811
249,2022-01-19,https://www.youtube.com/watch?v=9ZNYB4HN6kI,【ch】うんこちゃん『飯を食う』【2019/02/16-17】,7137
250,2021-12-30,https://www.youtube.com/watch?v=THUe8p5Z31g,【ch】うんこちゃん『何かやる』【2019/02/17】,5478
251,2022-02-03,https://www.youtube.com/watch?v=Spmx6TOw05c,【ch】うんこちゃん『ピザを食う』【2019/02/18】,2878
252,2022-01-29,https://www.youtube.com/watch?v=MaCozzb0VqA,【ch】うんこちゃん『迷い中』【2019/02/19-20】,6273
253,2021-03-12,https://www.youtube.com/watch?v=x33QoluuAvA,【ch】うんこちゃん『雑談』【2019/02/25-26】,13979
254,2021-03-12,https://www.youtube.com/watch?v=i0wx29GivZo,【ch】うんこちゃん『寝る前』【2019/02/23】,1489
255,2021-03-13,https://www.youtube.com/watch?v=afuQrS-XWcY,【ch】うんこちゃん『ちょっと話して寝る男』【2019/02/27-28】,2243
256,2021-03-13,https://www.youtube.com/watch?v=BECkL5oIPeY,【TWC】うんこちゃん『ネット繋げる放送　その1』【2019/02/28-03/01】,1263
257,2021-03-14,https://www.youtube.com/watch?v=-ZSLqtwIuuA,【TWC】うんこちゃん『ネット繋げる放送　その2』【2019/03/01】,1399
258,2021-03-14,https://www.youtube.com/watch?v=C2monbgHcdM,【TWC】うんこちゃん『雑談(3枠目)』【2019/03/01】,8256
259,2021-11-09,https://www.youtube.com/watch?v=zHwoEKVbQ_4,【ch】うんこちゃん『雑談』【2019/03/04-05】,6649
260,2021-09-01,https://www.youtube.com/watch?v=_EETca0g1Pg,【ch】うんこちゃん『暇』【2019/03/09】,20627
261,2021-03-16,https://www.youtube.com/watch?v=MXTAdOUnCfg,【ch】うんこちゃん『雑談』【2019/03/13】,13727
262,2021-03-17,https://www.youtube.com/watch?v=ddD3vA7lmOM,【ch】うんこちゃん『雑談』【2019/03/16】,6949
263,2021-03-17,https://www.youtube.com/watch?v=rNyJ_7v8dmc,【ch】うんこちゃん『雑談』【2019/03/18】,7184
264,2021-03-19,https://www.youtube.com/watch?v=gvXBsBnt_9k,【ch】うんこちゃん『雑談して寝る』【2019/03/23】,4492
265,2021-03-19,https://www.youtube.com/watch?v=f-ZcYYBwL2Y,【ch】うんこちゃん『雑談』【2019/03/26】,10799
266,2021-03-21,https://www.youtube.com/watch?v=MQ1fqEdoiUY,【ch】うんこちゃん『雑談』【2019/04/04】,7867
267,2021-03-22,https://www.youtube.com/watch?v=ycAWB1jRC7s,【ch】うんこちゃん『雑談」』【2019/04/06】,3480
268,2021-03-22,https://www.youtube.com/watch?v=HygHNmjq9hE,【ch】うんこちゃん『テスト』【2019/04/11】,5226
269,2021-03-23,https://www.youtube.com/watch?v=itMXCHwUCS0,【ch】うんこちゃん『いぇすと』【2019/04/11】,1760
270,2021-10-07,https://www.youtube.com/watch?v=SaNj8AqOuy8,【ch】うんこちゃん『雑談』【2019/04/12】,12170
271,2021-03-24,https://www.youtube.com/watch?v=j0GQ8OdWILk,【ch】うんこちゃん『雑談』【2019/04/14】,6417
272,2021-03-24,https://www.youtube.com/watch?v=b6ReY4VQwhk,【ch】うんこちゃん『朝』【2019/04/16】,1800
273,2021-03-24,https://www.youtube.com/watch?v=Ph7hNzsR7BE,【ch】うんこちゃん『朝2』【2019/04/16】,17853
274,2021-03-25,https://www.youtube.com/watch?v=Pv463IyUyQ8,【CH】うんこちゃん『やぁ』【2019/04/19】,1671
275,2021-09-02,https://www.youtube.com/watch?v=6yxYAdgOFyE,【ch】うんこちゃん『やぁ』【2019/04/20】,8367
276,2021-03-25,https://www.youtube.com/watch?v=B1D56z1Tqdk,【ch】うんこちゃん『おいす』【2019/04/20】,8345
277,2021-03-26,https://www.youtube.com/watch?v=18JvhKKxUf0,【ch】うんこちゃん『雑談』【2019/04/23】,5238
278,2021-03-29,https://www.youtube.com/watch?v=-g6yHVovq0Y,【ch】うんこちゃん『雨うざし』【2019/04/24】,4798
279,2021-03-29,https://www.youtube.com/watch?v=jWzdRoASuKc,【TWC】うんこちゃん『超会議2019 DAY1後の配信』1/2【2019/04/27】,7155
280,2021-03-29,https://www.youtube.com/watch?v=c6vlGsjhnls,【TWC】うんこちゃん『超会議2019 DAY1後の配信』2/2【2019/04/27-28】,3008
281,2021-03-31,https://www.youtube.com/watch?v=thWTeFbGzjo,【CH】うんこちゃん『30分雑談して寝る』【2019/04/30】,5054
282,2021-04-03,https://www.youtube.com/watch?v=e36UGaRgnNk,【ch】うんこちゃん『るーるきめえる』【2019/05/03】,293
283,2021-12-09,https://www.youtube.com/watch?v=25SSnj8dGu8,【ch】うんこちゃん『丸めた雑談』【2019/05/04-05】,1679
284,2021-11-15,https://www.youtube.com/watch?v=Qs8rXXKFhqs,【ch】うんこちゃん『寝る前に』【2019/05/06】,1255
285,2021-04-05,https://www.youtube.com/watch?v=lS60fsjWNFw,【ch】うんこちゃん『雑談』【2019/05/07-08】,16888
286,2021-04-06,https://www.youtube.com/watch?v=nE9i4Pm7XdU,【ch】うんこちゃん『何やるか決める』【2019/05/09】,2911
287,2021-04-06,https://www.youtube.com/watch?v=-EwF20Qmm-c,【TWC】うんこちゃん『新居から配信』【2019/05/19-20】,10378
288,2021-04-08,https://www.youtube.com/watch?v=oMlMcL_jqR8,【ch】うんこちゃん『ネットつながった』【2019/05/20】,79
289,2021-04-08,https://www.youtube.com/watch?v=EzN4FLOU1o8,【ch】うんこちゃん『復活』【2019/05/20】,10433
290,2021-04-08,https://www.youtube.com/watch?v=33pXViqrLek,【ch】うんこちゃん『遅くなった。』【2019/05/22】,19796
291,2021-04-09,https://www.youtube.com/watch?v=N5btlzvbnuM,【ch】うんこちゃん『さらにテスト』Part【2019/05/23-24】,7106
292,2021-04-09,https://www.youtube.com/watch?v=rEuDbrbK3as,【ch】うんこちゃん『テスト』【2019/05/25】,473
293,2021-04-09,https://www.youtube.com/watch?v=gE0M0f8XfkI,【ch】うんこちゃん『マイクをかった(雑談部分)』【2019/05/25】,1931
294,2021-04-09,https://www.youtube.com/watch?v=8ul6Yh5Xol0,【ch】うんこちゃん『ゲーム買うマン』【2019/05/26】,2405
295,2021-04-10,https://www.youtube.com/watch?v=d2Rrcotp60E,【ch】うんこちゃん『ﾔﾙｹﾞﾑｷﾒﾙ』【2019/05/25】,3260
296,2021-04-11,https://www.youtube.com/watch?v=px2orFuY3Ac,【ch】うんこちゃん『決める』【2019/05/26】,6116
297,2021-04-12,https://www.youtube.com/watch?v=VoxR0F5BVWI,【ch】うんこちゃん『相談』【2019/05/28】,14346
298,2021-04-13,https://www.youtube.com/watch?v=q2LSDNoRq_o,【ch】うんこちゃん『話す』【2019/05/31】,8839
299,2021-04-14,https://www.youtube.com/watch?v=JTKBhR-omR0,【TWC】うんこちゃん『これからはツイキャスでやります』1/3【2019/06/04】,1625
300,2021-04-14,https://www.youtube.com/watch?v=6pxD7aEUVtc,【TWC】うんこちゃん『これからはツイキャスでやります』2/3【2019/06/04】,3556
301,2021-04-14,https://www.youtube.com/watch?v=1vS6QREn4F4,【TWC】うんこちゃん『これからはツイキャスでやります』3/3【2019/06/04】,6958
302,2021-04-15,https://www.youtube.com/watch?v=HIIyZJ0yFIs,【TWC】うんこちゃん『雑談して寝る男』【2019/06/06-07】,8038
303,2021-04-16,https://www.youtube.com/watch?v=MvFIJ47vdEA,【TWC】うんこちゃん『OBSテスト配信』【2019/06/07】,12818
304,2021-04-16,https://www.youtube.com/watch?v=WreVK3gSOqU,【TWC】うんこちゃん『雑談』【2019/06/09】,10920
305,2021-04-17,https://www.youtube.com/watch?v=dIcpE9xmQi4,【TWC】うんこちゃん『納得いかん』【2019/06/10】,1318
306,2021-04-17,https://www.youtube.com/watch?v=_93LGMGub6w,【TWC】うんこちゃん『すぐおわる』【2019/06/11】,1372
307,2021-04-18,https://www.youtube.com/watch?v=GIAU2ia506I,【ch】うんこちゃん『眠れない(雑談部分1/2)』【2019/06/13】,7577
308,2021-04-18,https://www.youtube.com/watch?v=cL1v80MfDSA,【ch】うんこちゃん『眠れない(雑談部分2/2)』【2019/06/13】,2856
309,2021-04-20,https://www.youtube.com/watch?v=d2qUvNqW0CU,【ch】うんこちゃん『スイッチのコントローラーが充電できるまで雑談』【2019/06/14】,2626
310,2021-04-20,https://www.youtube.com/watch?v=9_CisxCgBlY,【ch】うんこちゃん『あざす１』【2019/06/15】,19919
311,2021-04-21,https://www.youtube.com/watch?v=Y__jmQYZaww,【ch】うんこちゃん『雑談』【2019/06/19】,864
312,2021-04-23,https://www.youtube.com/watch?v=9hSYZUrroFg,【ch】うんこちゃん『ざす２』【2019/06/20】,3582
313,2021-10-23,https://www.youtube.com/watch?v=5LIJ4Yive9A,【ch】うんこちゃん『寝る前に話す事とする』【2019/06/24-25】,16629
314,2021-10-27,https://www.youtube.com/watch?v=-D3p-C6uhqo,【ch】うんこちゃん『やぁ！』【2019/06/27】,3391
315,2021-04-27,https://www.youtube.com/watch?v=fmKNnVu58VE,【ch】うんこちゃん『11時まで暇つぶしする』【2019/06/28】,1809
316,2021-05-01,https://www.youtube.com/watch?v=G9MEdiani40,【ch】うんこちゃん『新しいPCのテスト』【2019/07/04】,1198
317,2021-05-03,https://www.youtube.com/watch?v=MGZWVmhNxv4,【ch】うんこちゃん『暇をつぶす男』【2019/07/07】,5817
318,2021-09-23,https://www.youtube.com/watch?v=u3c3ZhB9BfY,【ch】うんこちゃん『加藤純一美術館の詳細を決める』【2019/07/08】,3053
319,2021-05-04,https://www.youtube.com/watch?v=ljw6icbEyB0,【ch】うんこちゃん『雑談』【2019/07/12】,11731
320,2021-05-04,https://www.youtube.com/watch?v=XsDVwEMGzwE,【ch】うんこちゃん『寝る前に』【2019/07/13】,12048
321,2021-05-04,https://www.youtube.com/watch?v=YRg6o86FkPk,【ch】うんこちゃん『暇つぶし男』【2019/07/13】,5453
322,2021-05-05,https://www.youtube.com/watch?v=Ep2nFH4uZu8,【ch】うんこちゃん『3連休(雑談部分)』【2019/07/15】,1012
323,2021-05-08,https://www.youtube.com/watch?v=G7Qim2oHJqU,【ch】うんこちゃん『ニコ生で疲労をいやす』【2019/07/21】,6553
324,2021-05-09,https://www.youtube.com/watch?v=RKj-UkeVAas,【ch】うんこちゃん『配信中に風邪を治します』【2019/07/21】,5120
325,2021-05-10,https://www.youtube.com/watch?v=YjP-Sgbpxtw,【ch】うんこちゃん『やぁ』【2019/07/23】,1137
326,2021-05-12,https://www.youtube.com/watch?v=7sgvfNnaZrc,【ch】うんこちゃん『夏』【2019/07/28】,4799
327,2021-05-13,https://www.youtube.com/watch?v=Xd_mj4Yd9pk,【ch】うんこちゃん『酷暑』【2019/08/01】,6750
328,2021-11-10,https://www.youtube.com/watch?v=geYM-o8zQDE,【ch】うんこちゃん『中学生と話す。』【2019/08/05】,2017
329,2021-05-14,https://www.youtube.com/watch?v=Juvq8XnZwH8,【ch】うんこちゃん『雑談』【2019/08/06】,4393
330,2021-05-14,https://www.youtube.com/watch?v=RE5FfNG3mCg,【ch】うんこちゃん『飯を食う』【2019/08/08】,2086
331,2021-05-20,https://www.youtube.com/watch?v=iuknZ29W2Kc,【ch】うんこちゃん『や』【2019/08/14】,7778
332,2021-05-20,https://www.youtube.com/watch?v=Xpg7b71A4RU,【ch】うんこちゃん『あ』【2019/08/12】,1797
333,2021-12-09,https://www.youtube.com/watch?v=KhjkIflBvT8,【ch】うんこちゃん『カブトムシ眺める枠』【2019/08/16】,1270
334,2021-05-21,https://www.youtube.com/watch?v=jW2KCNiEPJQ,【ch】うんこちゃん『臨時放送』【2019/08/17】,196
335,2021-05-22,https://www.youtube.com/watch?v=wZSUR4aT1Vs,【ch】うんこちゃん『雑談』【2019/08/16-17】,15404
336,2021-05-24,https://www.youtube.com/watch?v=5IZ7t8twduE,【ch】うんこちゃん『風邪ひいた』【2019/08/25】,5428
337,2021-08-31,https://www.youtube.com/watch?v=PFlTn1FrURI,【ch】うんこちゃん『復活』【2019/08/26】,2592
338,2021-05-25,https://www.youtube.com/watch?v=tgH03rM5oYk,【ch】うんこちゃん『ゲーム部でやるゲーム決める』【2019/08/26】,3234
339,2021-05-26,https://www.youtube.com/watch?v=7A1s81CCPag,【ch】うんこちゃん『やぁ(雑談部分)』【2019/08/28-29】,25033
340,2021-10-24,https://www.youtube.com/watch?v=H9QTCYrr80w,【ch】うんこちゃん『飲む(雑談部分)』2/2【2019/08/30-31】,12636
341,2021-10-24,https://www.youtube.com/watch?v=xKy5m08N4is,【ch】うんこちゃん『飲む(雑談部分)』1/2【2019/08/30-31】,4635
342,2021-10-19,https://www.youtube.com/watch?v=Wx2ygG0uCWI,【ch】うんこちゃん『やぁ(雑談部分)』【2019/09/05-06】,7119
343,2021-05-29,https://www.youtube.com/watch?v=Tec7Cce8AXM,【ch】うんこちゃん『最近買った服を皆に評価してもらう枠』【2019/08/31】,1728
344,2021-05-29,https://www.youtube.com/watch?v=s6juAQkPTs4,【ch】うんこちゃん『9時まで暇つぶし(雑談部分)』【2019/09/07】,932
345,2021-05-31,https://www.youtube.com/watch?v=1feP1RIwbNs,【ch】うんこちゃん『帰宅(雑談部分)』【2019/09/13】,1756
346,2021-05-31,https://www.youtube.com/watch?v=X6Q2hjGnoQ0,【ch】うんこちゃん『1分で終わるぞ』【2019/09/10】,53
347,2021-06-01,https://www.youtube.com/watch?v=1WTe6L-GpFU,"【ch】うんこちゃん『帰宅(ゲーム探し,BTG部分)』【2019/09/13】",4404
348,2021-06-05,https://www.youtube.com/watch?v=HmGqIMcGKcA,【ch】うんこちゃん『やぁ』【2019/09/24-25】,21980
349,2021-06-06,https://www.youtube.com/watch?v=fEu60CGobSI,【ch】うんこちゃん『雑談』【2019/09/26】,7010
350,2021-06-06,https://www.youtube.com/watch?v=srXtcFKDaC8,【ch】うんこちゃん『テスト』【2019/09/26】,211
351,2021-06-08,https://www.youtube.com/watch?v=0deKixWKkmE,【ch】うんこちゃん『カブトムシが息を引き取ったぞ！放送』【2019/10/02-03】,5974
352,2021-08-31,https://www.youtube.com/watch?v=kMb_X_HgKVs,【ch】うんこちゃん『帰宅』【2019/10/06】,11324
353,2021-06-09,https://www.youtube.com/watch?v=Ngi6WJJ_P6Y,【ch】うんこちゃん『体調や良し』【2019/10/06-07】,21299
354,2021-12-08,https://www.youtube.com/watch?v=agUOECWDZVU,【ch】うんこちゃん『だら～』【2019/10/11】,22825
355,2021-06-10,https://www.youtube.com/watch?v=5gP2Aks9zOE,【ch】うんこちゃん『三連休前の金曜日』【2019/10/12】,31651
356,2021-10-03,https://www.youtube.com/watch?v=T7jB57uT5BU,【ch】うんこちゃん『地獄(雑談部分)』【2019/10/14-15】,3837
357,2021-06-14,https://www.youtube.com/watch?v=a_N8gsr8vK0,【ch】うんこちゃん『ジャイアンツ応援する』【2019/10/23】,11322
358,2021-06-15,https://www.youtube.com/watch?v=6hRNDWWfDJM,【ch】うんこちゃん『a(雑談部分)』【2019/10/24】,18384
359,2021-06-15,https://www.youtube.com/watch?v=LExrm5FvpLE,【ch】うんこちゃん『ヘルプ』【2019/10/25】,5390
360,2021-06-17,https://www.youtube.com/watch?v=ZIky5rPdgKw,【ch】うんこちゃん『到着を待つ』【2019/10/25】,1800
361,2021-09-20,https://www.youtube.com/watch?v=X30PyNaqlb8,【ch】うんこちゃん『すぐ寝る』【2019/10/31】,18360
362,2021-06-19,https://www.youtube.com/watch?v=ezC-yUKUkfg,【ch】うんこちゃん『暇つぶし』【2019/11/07-08】,15146
363,2021-06-20,https://www.youtube.com/watch?v=929lPEpPmOE,【イベント】うんこちゃん『第８回加藤純一ライブ『くっちゃべ』』【2019/11/08】,8198
364,2021-06-22,https://www.youtube.com/watch?v=HAP1Hxtg6qU,【ch】うんこちゃん『同時配信』【2019/11/15】,2901
365,2021-06-23,https://www.youtube.com/watch?v=dkY9XE-rqQM,"【ch】うんこちゃん『2時間暇(ゲーム探し,どすこいの壁)』【2019/11/18】",1047
366,2021-06-25,https://www.youtube.com/watch?v=8ymfiDpm_XY,【ch】うんこちゃん『あ』【2019/11/19】,1709
367,2021-06-26,https://www.youtube.com/watch?v=WukYoBX--cs,【ch】うんこちゃん『目を覚ます放送』【2019/11/23】,4596
368,2021-06-30,https://www.youtube.com/watch?v=IHUkm4tiTss,【ch】うんこちゃん『暇つぶし』【2019/11/25】,11757
369,2021-06-30,https://www.youtube.com/watch?v=B6FJ-lRgda0,【TWC】うんこちゃん『マカオから荷造り配信』【2019/11/28】,1389
370,2021-06-30,https://www.youtube.com/watch?v=rciO3hIwFFc,【ch】うんこちゃん『帰ってきました』【2019/11/30】,2335
371,2021-07-04,https://www.youtube.com/watch?v=Oyf5UC1tLQs,【ch】うんこちゃん『一息』【2019/12/03-04】,7765
372,2021-07-13,https://www.youtube.com/watch?v=fkaxcXqCaTU,【TWC】うんこちゃん『札幌から寝る前に』【2019/12/12】,8208
373,2021-07-13,https://www.youtube.com/watch?v=L4KNVqcLEx0,うんこちゃん『第一回ねもうす裁判』【2019/12/12】,1800
374,2021-07-14,https://www.youtube.com/watch?v=LPcygKrikKo,【TWC】うんこちゃん『さっぽろ』【2019/12/11】,8884
375,2021-07-14,https://www.youtube.com/watch?v=byFf4t3ImPg,うんこちゃん『許さん』Part【2019/12/12-13】,2269
376,2021-07-14,https://www.youtube.com/watch?v=2-KvtECCZ9I,うんこちゃん『雑』【2019/12/13】,9590
377,2021-07-20,https://www.youtube.com/watch?v=F2fsB2FkTP0,【ch】うんこちゃん『雑談』【2019/12/16】,8803
378,2021-07-24,https://www.youtube.com/watch?v=n2662v4dHtI,【ch】うんこちゃん『素晴らしい映画を見た。』【2019/12/22】,9679
379,2021-07-31,https://www.youtube.com/watch?v=PwfLSRm59xM,【ch】うんこちゃん『朝(配信設定)』2/3【2019/12/26】,4910
380,2021-07-31,https://www.youtube.com/watch?v=Gs_gLGMJ0TQ,【ch】うんこちゃん『瀬』【2019/12/29】,17136
381,2020-12-28,https://www.youtube.com/watch?v=yLmERLx2kpo,【ch】うんこちゃん『雑談(全編)』【2020/01/02-03】,7874
382,2021-01-02,https://www.youtube.com/watch?v=eHw6qwyOzw0,【ch】うんこちゃん『雑談』【2020/01/05】,20684
383,2021-01-12,https://www.youtube.com/watch?v=I_jycycHwwA,【ch】うんこちゃん『今年の公約が早くも破られそう(雑談部分)』【2020/01/11】,496
384,2021-01-23,https://www.youtube.com/watch?v=4eg-m2oSydA,【ch】うんこちゃん『５分雑談』【2020/01/12】,332
385,2021-01-24,https://www.youtube.com/watch?v=lNuZGMxbJbM,【ch】うんこちゃん『かなし』【2020/01/13】,567
386,2021-01-26,https://www.youtube.com/watch?v=z9V2cgM8Y74,【ch】うんこちゃん『ちょこっと』【2020/01/21】,20507
387,2021-01-27,https://www.youtube.com/watch?v=vgOn-8Wxhq8,【ch】うんこちゃん『たわけが！！』【2020/01/23】,10795
388,2021-01-27,https://www.youtube.com/watch?v=tgcYixFCxKs,【ch】うんこちゃん『おもろそうなゲーム見つける枠』【2020/01/23】,5768
389,2021-01-28,https://www.youtube.com/watch?v=-voVS6PzfL8,【ch】うんこちゃん『朝暇すぎてやることがない(雑談部分)』【2020/01/31】,4001
390,2021-01-30,https://www.youtube.com/watch?v=PTKFJLMg8jo,【ch】うんこちゃん『馬熱が再燃』【2020/02/07】,2540
391,2021-01-31,https://www.youtube.com/watch?v=1P_F-XcsNdk,【ch】うんこちゃん『告知』【2020/02/07】,2895
392,2021-01-31,https://www.youtube.com/watch?v=3Im6x_TpQy8,【ch】うんこちゃん『帰宅』【2020/02/07-08】,27149
393,2021-02-01,https://www.youtube.com/watch?v=X_3hFb9G7ws,【ch】うんこちゃん『準備する』【2020/02/09】,3082
394,2021-02-25,https://www.youtube.com/watch?v=r18zcRBizQo,【ch】うんこちゃん『.』【2020/02/19】,2107
395,2021-02-14,https://www.youtube.com/watch?v=n82LwoxkFkU,【ch】うんこちゃん『暇つぶし男(雑談部分)』【2020/02/28】,15441
396,2021-03-04,https://www.youtube.com/watch?v=z7dJKSdC0MM,【ch】うんこちゃん『9時からみんなで「トイストーリー」みよっか(コメ有)』【2020/02/28】,6829
397,2021-03-17,https://www.youtube.com/watch?v=ZOgZEoyF7_Y,【ch】うんこちゃん『準備』【2020/03/01】,11949
398,2021-03-18,https://www.youtube.com/watch?v=2hOMPIjzUb4,【ch】うんこちゃん『今起きた』【2020/03/05】,20817
399,2021-03-18,https://www.youtube.com/watch?v=Zg3VXixRT0w,【ch】うんこちゃん『設定する』【2020/03/05】,1475
400,2021-03-20,https://www.youtube.com/watch?v=RRS6GL8Q4lg,【ch】うんこちゃん『あ(雑談部分)』【2020/03/08-09】,6623
401,2021-03-29,https://www.youtube.com/watch?v=-Q7_2cjuw9Q,【ch】うんこちゃん『起床(雑談部分)』【2020/03/12】,7821
402,2021-04-06,https://www.youtube.com/watch?v=U9P3kLsUQQk,【ch】うんこちゃん『やぁ(雑談部分)』【2020/03/13-14】,18332
403,2021-04-09,https://www.youtube.com/watch?v=vLuvE2nonmc,【ch】うんこちゃん『やったぞ！(雑談部分)』【2020/03/17】,2467
404,2021-05-25,https://www.youtube.com/watch?v=wtj3dI9087E,【ch】うんこちゃん『復調の兆し(雑談部分)』【2020/03/22-23】,10757
405,2021-04-29,https://www.youtube.com/watch?v=HAhQX88tADg,【ch】うんこちゃん『今はやりのマインクラフトというゲームをインストールします』【2020/03/24】,3408
406,2021-06-02,https://www.youtube.com/watch?v=pCIiUMDIHgc,【ch】うんこちゃん『朝の雑談』【2020/03/31】,9591
407,2021-01-11,https://www.youtube.com/watch?v=OLXs3oq9GKI,【ch】うんこちゃん『バイオ3ダウンロード放送』【2020/04/04】,6489
408,2021-06-11,https://www.youtube.com/watch?v=Q8Ac8WyGAhQ,【ch】うんこちゃん『悩み』【2020/04/07】,13250
409,2021-01-13,https://www.youtube.com/watch?v=JEHyGaPBvDE,【ch】うんこちゃん『人生最後の一服配信』【2020/04/16】,518
410,2021-07-05,https://www.youtube.com/watch?v=x27GxSYlRYM,【ch】うんこちゃん『ﾍﾟ』【2020/04/17】,3758
411,2021-06-15,https://www.youtube.com/watch?v=1orFUp8roUU,【ch】うんこちゃん『耐える男』【2020/04/18】,5309
412,2021-01-16,https://www.youtube.com/watch?v=TZoxWmojU24,【ch】うんこちゃん『顔出し雑談。(コメ有)』【2020/04/22】,7952
413,2021-01-16,https://www.youtube.com/watch?v=cP2PIKJquJQ,【ch】うんこちゃん『マイクラやる準備』【2020/04/23】,9022
414,2021-01-28,https://www.youtube.com/watch?v=32rA9WGjarg,【ch】うんこちゃん『ツイッチのアカウント作る枠』【2020/06/18】,1947
415,2021-01-28,https://www.youtube.com/watch?v=24fo-aop5w4,【Twitch】うんこちゃん『test(雑談部分)』【2020/06/18】,1392
416,2020-09-25,https://www.youtube.com/watch?v=_2mfAju5Dmk,【ch】加藤純一発狂の一部始終【2020/09/25】,9459
417,2020-09-25,https://www.youtube.com/watch?v=ZkS09mlIMsQ,【ch】うんこちゃん『ラスト』【2020/09/25】,817
418,2020-09-26,https://www.youtube.com/watch?v=zdVIOJRfTbs,【ch】うんこちゃん『謹慎する』【2020/09/26】,1011
419,2020-11-10,https://www.youtube.com/watch?v=xkanNXE0Un8,【Twitch】うんこちゃん『sekiroダウンロードする枠(コメ有)』【2020/10/29】,2410
420,2020-11-10,https://www.youtube.com/watch?v=WBBTbeQGOd4,【ch】うんこちゃん『やぁ１』【2020/10/31】,16481
421,2020-11-14,https://www.youtube.com/watch?v=gzR_n0YakE4,【ch】うんこちゃん『うちのイヌが世界一かわいい枠(コメ有)』【2020/11/14】,418
422,2020-11-14,https://www.youtube.com/watch?v=WGg3wAdtYsA,【Twitch】うんこちゃん『世にも奇妙な物語見ながらハナを探す枠(コメ有)』【2020/11/14】,5481
423,2020-11-28,https://www.youtube.com/watch?v=I1b0fPllttM,【ch】うんこちゃん『続・ゲームを決める男(コメ有)』【2020/11/28】,4277
424,2020-12-05,https://www.youtube.com/watch?v=DCT3wxcnkLY,【ch】うんこちゃん『だｓ』【2020/12/05-06】,9668
425,2020-12-16,https://www.youtube.com/watch?v=IPKJXh0L8dw,【ch】うんこちゃん『ﾌﾅﾌ２をダウンロードするまでの暇つぶし(コメ有)』【2020/12/16】,3546
426,2020-12-18,https://www.youtube.com/watch?v=s8AI1po3ALs,ちょっと雑談するわ,9252
427,2020-12-27,https://www.youtube.com/watch?v=qN67f3kqV-o,雑談する,7990
428,2020-12-28,https://www.youtube.com/watch?v=HMERkYje3WA,【ch】うんこちゃん『もう寝るんだよ』【2020/12/28】,2340
429,2020-12-29,https://www.youtube.com/watch?v=BVHqL0TSW78,【ch】うんこちゃん『腹ごしらえする』【2020/12/29】,1456
430,2020-12-30,https://www.youtube.com/watch?v=OUHdqU7d0U4,【ch】うんこちゃん『寝る前に飲む(コメ有)』【2020/12/30-31】,3847
431,2020-12-30,https://www.youtube.com/watch?v=_VyWq9dNfuc,【ch】うんこちゃん『もうねろよ』【2020/12/31】,3536
432,2020-12-31,https://www.youtube.com/watch?v=P7cLZf6PscI,２０２０最後の雑談,100
433,2020-12-31,https://www.youtube.com/watch?v=0ug2zU_GAvM,年越し雑談,16211
434,2021-01-29,https://www.youtube.com/watch?v=7u15IzPRTog,【ch】うんこちゃん『雑談』【2020/06/25】,17620
435,2021-01-30,https://www.youtube.com/watch?v=Dh7r2t6xm0o,【ch】うんこちゃん『もう寝る』【2020/06/29-30】,23819
436,2021-01-31,https://www.youtube.com/watch?v=_c3ZBOBareI,【ch】うんこちゃん『面白い脱出ゲームを探す』【2020/07/05】,1898
437,2021-02-04,https://www.youtube.com/watch?v=BeEXssXCY3Y,【ch】うんこちゃん『ホラゲ探し』【2020/07/24-25】,2658
438,2021-02-05,https://www.youtube.com/watch?v=6iqdC6USWvw,【ch】うんこちゃん『なんか仕様が変わったらしいな！！』【2020/07/27-28】,2646
439,2021-02-06,https://www.youtube.com/watch?v=F82P0k5l2aE,【ch】うんこちゃん『雑談』【2020/08/03】,12368
440,2021-02-07,https://www.youtube.com/watch?v=0aXnsIa9K8s,【ch】うんこちゃん『アンケ』【2020/08/04】,236
441,2021-10-21,https://www.youtube.com/watch?v=E6-3Ch8WaEQ,【ch】うんこちゃん『雑談』【2020/08/09-10】,25188
442,2021-02-11,https://www.youtube.com/watch?v=oZFJjPrBj3s,【ch】うんこちゃん『Download』【2020/08/17】,555
443,2021-12-04,https://www.youtube.com/watch?v=NEJw7EBj3Gs,【ch】うんこちゃん『雑談』【2020/08/23】,22975
444,2021-02-15,https://www.youtube.com/watch?v=0p5YMjUni00,【Twitch】うんこちゃん『マリオっダウンロードする』【2020/08/29】,146
445,2021-02-17,https://www.youtube.com/watch?v=clG-C4s7tNY,【ch】うんこちゃん『１』【2020/09/01-02】,38663
446,2021-02-17,https://www.youtube.com/watch?v=nZE_6RFEQ4I,【ch】うんこちゃん『２』【2020/09/06-07】,17074
447,2021-02-19,https://www.youtube.com/watch?v=t-EJ1kU9vts,【ch】うんこちゃん『目を覚ます』【2020/09/14-15】,20757
448,2021-02-19,https://www.youtube.com/watch?v=Q1LIuoeNiUU,【ch】うんこちゃん『ビクゾーに髪切って貰う配信(コメ有)』【2020/09/15】,8969
449,2021-11-22,https://www.youtube.com/watch?v=iqUzO2R90Gc,【Twitch】うんこちゃん『オデッセイ買う枠(DL部分)』【2020/09/07-08】,3047
450,2021-01-09,https://www.youtube.com/watch?v=vXlZqySk92o,【ch】うんこちゃん『声出す練習』【2021/01/09】,9125
451,2021-01-18,https://www.youtube.com/watch?v=yRP3Oqt118g,【ch】うんこちゃん『ZATUDANN』【2021/01/18】,12901
452,2021-01-26,https://www.youtube.com/watch?v=7GXNR6S144c,【ch】うんこちゃん『超現実逃避雑談』【2021/01/26-27】,22809
453,2021-01-27,https://www.youtube.com/watch?v=inT3TeFD9rk,【Twitch】うんこちゃん『ゲーム決める(2枠目)』【2021/01/27】,1990
454,2021-02-04,https://www.youtube.com/watch?v=ZGylmdd59Gg,【Twitch】うんこちゃん『カイロのハンバーガーダウンローダー』【2021/02/04】,1311
455,2021-02-06,https://www.youtube.com/watch?v=4JMYxx8fG6o,【Twitch】うんこちゃん『rule決める』【2021/02/06】,1376
456,2021-02-06,https://www.youtube.com/watch?v=3J4VYS8YuhA,【Twitch】うんこちゃん『ダクソ３の練習する』【2021/02/07】,631
457,2021-02-07,https://www.youtube.com/watch?v=M9SrDNU-XGY,【ch】うんこちゃん『a』【2021/02/07】,85
458,2021-03-02,https://www.youtube.com/watch?v=rqRgHE6xo_Y,【ch】うんこちゃん『１０００００００００００００００００００００００００００００００００年ぶりのニコ生』【2021/03/02】,447
459,2021-03-02,https://www.youtube.com/watch?v=pu3nc1_y-5E,【Twitch】うんこちゃん『雑談』【2021/03/02】,11515
460,2021-03-10,https://www.youtube.com/watch?v=9HO8Piym3EI,冒頭30分欠損【削除枠】うんこちゃん『加藤純一の雑談』【2021/03/09】,4069
461,2021-03-12,https://www.youtube.com/watch?v=NtSkd1eTEU4,【削除枠完全版】うんこちゃん『加藤純一の雑談』【2021/03/09】,5393
462,2021-03-14,https://www.youtube.com/watch?v=hFz4SiU8DWw,【ch】うんこちゃん『あ』【2021/03/14】,449
463,2021-03-14,https://www.youtube.com/watch?v=crYOddN2c40,【Twitch】うんこちゃん『雑談』【2021/03/14】,13042
464,2021-03-22,https://www.youtube.com/watch?v=I1l7KGj5ovs,【ch】うんこちゃん『プロフェッショナル見る男(コメ有)』【2021/03/22】,4743
465,2021-03-24,https://www.youtube.com/watch?v=Hx4wuAukktQ,【ch】うんこちゃん『音質改善放送』【2021/03/24-25】,2029
466,2021-03-25,https://www.youtube.com/watch?v=HPnF2jlYChU,【Twitch】うんこちゃん『OBSを設定する。』【2021/03/25】,10522
467,2021-04-04,https://www.youtube.com/watch?v=IcK1q23TGBs,【Twitch】うんこちゃん×鎌田×ネジ『ドライブ配信～館山を目指す～(コメ有)』【2021/04/04】,14303
468,2021-04-04,https://www.youtube.com/watch?v=ndQYAH9nH18,【Twitch】うんこちゃん『実家より(コメ有)』【2021/04/05】,9807
469,2021-04-06,https://www.youtube.com/watch?v=_piTZOeLr6Q,【Twitch】うんこちゃん『タクシーから雑談(コメ有)』【2021/04/06-07】,1081
470,2021-04-06,https://www.youtube.com/watch?v=JNkfSrEeUV4,【Twitch】うんこちゃん『ホテルから夕飯配信(コメ有)』【2021/04/07】,2950
471,2021-04-07,https://www.youtube.com/watch?v=ZgBCpdU-vCo,【Twitch】うんこちゃん『野球談議』【2021/04/07】,6864
472,2021-04-08,https://www.youtube.com/watch?v=NDaAntuHnQ0,【Twitch】うんこちゃん×布団ちゃん×天狗ちゃん『おじさん珍道中(コメ有)』【2021/04/08】,8482
473,2021-04-09,https://www.youtube.com/watch?v=szynLF7Objc,【ch】うんこちゃん『テキトーにブラブラする車載配信(コメ有)』【2021/04/08-09】,16477
474,2021-04-17,https://www.youtube.com/watch?v=j7lkXf6cn1Q,【ch】うんこちゃん『雑談』【2021/04/18】,29317
475,2021-04-18,https://www.youtube.com/watch?v=D9Tef1LdVws,【ch】うんこちゃん『何やるか決める』【2021/04/18】,13972
476,2021-04-19,https://www.youtube.com/watch?v=ptcShh6O-2Y,【ch】うんこちゃん『妖怪をっちをダウンロードする放送』【2021/04/19】,5479
477,2021-04-29,https://www.youtube.com/watch?v=roO52L7Hf2Y,【ch】うんこちゃん『超会議まで暇つぶす』【2021/04/29】,1716
478,2021-05-17,https://www.youtube.com/watch?v=cHXP9BLpLM8,【Twitch】うんこちゃん『探る(ゲーム決め部分)』【2021/05/15】,6879
479,2021-05-31,https://www.youtube.com/watch?v=LppIFG6NgPY,【Twitch】うんこちゃん『1時間暇つぶすマン』【2021/05/30】,4021
480,2021-06-03,https://www.youtube.com/watch?v=s-UxJtmXDmg,【Twitch】うんこちゃん『DBDをコソ練してライバルに差をつけろ(雑談部分)』コ【2021/06/03】,6810
481,2021-06-09,https://www.youtube.com/watch?v=LytGPgutPz8,【ch】うんこちゃん『やり方忘れたわ』【2021/06/10】,17728
482,2021-06-18,https://www.youtube.com/watch?v=k2DDnwVJKQ0,【Twitch】うんこちゃん『UNK(雑談部分)』【2021/06/18-19】,4096
483,2021-06-21,https://www.youtube.com/watch?v=KGryxIuJLHE,【ch】うんこちゃん『声の出し方からやり直す』※一部カット【2021/06/21-22】,39305
484,2021-06-24,https://www.youtube.com/watch?v=O4QXCiXoJZk,【Twitch】うんこちゃん『適当にする。』【2021/06/24-25】,8705
485,2021-07-07,https://www.youtube.com/watch?v=1_lk7wplMKM,【Twitch】うんこちゃん『APEXやる。(雑談部分)』【2021/07/07】,1826
486,2021-07-07,https://www.youtube.com/watch?v=e0pYHlJwtnY,【Twitch】うんこちゃん『APEX(MLB観戦部分)』【2021/07/08】,10519
487,2021-07-09,https://www.youtube.com/watch?v=hyNWW6atQLU,【ニコ生→Twitch】うんこちゃん『秋葉まで(コメ有)』【2021/07/09】,3409
488,2021-07-09,https://www.youtube.com/watch?v=LjxCvzhY0vA,【Twitch】うんこちゃん『秋葉ドライブ(コメ有)』【2021/07/09】,3046
489,2021-07-10,https://www.youtube.com/watch?v=zKjFOa8NMEs,【Twitch】うんこちゃん『hitman３購入を試みる』【2021/07/10】,8122
490,2021-07-17,https://www.youtube.com/watch?v=3vDTleOKd0Y,【Twitch】うんこちゃん『雑談(コメ有)』【2021/07/16-17】,21375
491,2021-07-18,https://www.youtube.com/watch?v=Ki7gVYwfabs,【Twitch】うんこちゃん『PUBG練習します　その3→ストレッチします(コメ有)』【2021/07/18】,19569
492,2021-07-20,https://www.youtube.com/watch?v=t6vLonGAiLQ,【ch】うんこちゃん『また負けました』【2021/07/20-21】,6936
493,2021-07-20,https://www.youtube.com/watch?v=RF3z0P8Nd-E,【ch】うんこちゃん『雑談(コメ有)』【2021/07/20】,18328
494,2021-07-21,https://www.youtube.com/watch?v=EIX9c1miowM,【ch】うんこちゃん『バツが悪い男の雑談』【2021/07/21】,2675
495,2021-07-22,https://www.youtube.com/watch?v=gPw2fZs6whc,【Twitch】うんこちゃん『車載配信withムラッシュのやつら(コメ有)』【2021/07/22】,3532
496,2021-07-26,https://www.youtube.com/watch?v=jU18hHLgRQo,【Twitch】うんこちゃん『時間をつぶす。』【2021/07/26】,17300
497,2021-07-26,https://www.youtube.com/watch?v=BPsnXCBiDrk,【Twitch】うんこちゃん『めちゃめちゃほっこりゲームを探す。』【2021/07/26】,4827
498,2021-07-27,https://www.youtube.com/watch?v=r-bOwDoFtl8,【Twitch】うんこちゃん『負け犬(コメ有)』【2021/07/27-28】,5725
499,2021-07-28,https://www.youtube.com/watch?v=HHpw0V2rB0k,【Twitch】うんこちゃん『ラクーンシティをやりたいです(雑談部分)』コメ有【2021/07/29】,1967
500,2021-07-30,https://www.youtube.com/watch?v=nQbqLprKKF8,【Twitch】うんこちゃん『ドンパチする』【2021/07/31】,6425
501,2021-07-31,https://www.youtube.com/watch?v=6Wo_NjM3oQ8,【Twitch】うんこちゃん『諸々の確認』【2021/07/31】,1916
502,2021-08-03,https://www.youtube.com/watch?v=D4T6S-JtFxw,【Twitch】うんこちゃん『今日やるの(コメ有)』【2021/08/03】,2018
503,2021-08-06,https://www.youtube.com/watch?v=oo78apCm8D4,【Twitch】うんこちゃん『友人が来るまでapexをし、arkをする。』【2021/08/07】,1014
504,2021-08-09,https://www.youtube.com/watch?v=ef8wz0Sz4ho,【Twitch】うんこちゃん『新PCテスト配信(コメ有)』【2021/08/09】,3470
505,2021-08-10,https://www.youtube.com/watch?v=edSsJAc2h8k,【Twitch】うんこちゃん『PCに負荷のかかるゲームをする。(コメ有)』【2021/08/10】,22022
506,2021-08-15,https://www.youtube.com/watch?v=Wr4Tk4msGb4,【Twitch】うんこちゃん『切り抜きしているやつへ』【2021/08/16】,1357
507,2021-08-16,https://www.youtube.com/watch?v=a2wJNVSsxXU,【Twitch】うんこちゃん『テスト配信』【2021/08/16】,115
508,2021-08-17,https://www.youtube.com/watch?v=R7Sg9JA0TNc,【Twitch】うんこちゃん『体調万全(コメ有)』【2021/08/17】,2374
509,2021-08-18,https://www.youtube.com/watch?v=aGsIL8f2xRU,【Twitch】うんこちゃん『ふて寝する前に(雑談部分)』コメ有【2021/08/17-18】,20307
510,2021-08-22,https://www.youtube.com/watch?v=LNYzdO2Oi7Q,【Twitch】うんこちゃん『30分雑談(コメ有)』【2021/08/22】,4891
511,2021-08-23,https://www.youtube.com/watch?v=Rz5n4OyUEOY,【Twitch】うんこちゃん『雑談(コメ有)』【2021/08/23】,10522
512,2021-08-23,https://www.youtube.com/watch?v=h8qS-QteXJs,【Twitch】うんこちゃん×はんじょう(×もこう)『ドライブ配信をする(コメ有)』【2021/08/23】,14348
513,2021-09-05,https://www.youtube.com/watch?v=aHYJ-EaP_84,【Twitch】うんこちゃん『雑談します(コメ有)』【2021/09/04-05】,19022
514,2021-09-21,https://www.youtube.com/watch?v=lDs-fzD3Y9s,【ch】うんこちゃん『変なことしろ(コメ有)』【2021/09/20-21】,10896
515,2021-09-21,https://www.youtube.com/watch?v=6RWGmqmOt1s,【Twitch】うんこちゃん『hitman3を買う』1/2【2021/09/21】,573
516,2021-09-21,https://www.youtube.com/watch?v=n8eJzTCcHSs,【Twitch】うんこちゃん『hitman3を買う』2/2【2021/09/21】,740
517,2021-09-30,https://www.youtube.com/watch?v=Fi5ZCfMA6YQ,【Twitch】うんこちゃん『雑談(コメ有)【2021/09/30】,15321
518,2021-10-10,https://www.youtube.com/watch?v=3y1cyaqHAUc,【Twitch】うんこちゃん『雑談する(コメ有)』【2021/10/10-11】,15009
519,2021-10-11,https://www.youtube.com/watch?v=7PjF9WmAdYY,【Twitch】うんこちゃん『カイジ２を見る人の群れ。(コメ有)』【2021/10/11-12】,8646
520,2021-10-13,https://www.youtube.com/watch?v=GmgL8MZoFw0,【ch】うんこちゃん『8192年ぶりのにこなま』【2021/10/13】,7170
521,2021-10-17,https://www.youtube.com/watch?v=EH3LRsTVbRM,【Twitch】うんこちゃん『ネジキ負け犬おじさんたちの群れ(コメ有)』【2021/10/17-18】,14580
522,2021-10-18,https://www.youtube.com/watch?v=N2T8r_dUpLw,【Twitch】うんこちゃん『負けてない。負けてないんだ。(雑談→麻雀)』コメ有【2021/10/18-19】,4999
523,2021-10-24,https://www.youtube.com/watch?v=7Msq_BkaJVY,【Twitch】うんこちゃん『妖怪をっちをダウンロードする(コメ有)』【2021/10/23-24】,26970
524,2021-11-11,https://www.youtube.com/watch?v=En2c-8LQplo,【ch】うんこちゃん『加藤純一MAD選手権の詳細を30分で決める』【2021/11/11】,2920
525,2021-11-15,https://www.youtube.com/watch?v=R0JNJ0C-7nQ,【Twitch】うんこちゃん『金ネジキついにクリアした男の誉雑談(コメ有)』【2021/11/16】,1325
526,2021-11-19,https://www.youtube.com/watch?v=00br7k9vzGg,【Twitch】うんこちゃん『ネットｸｿｳﾄ侍』【2021/11/19-20】,19159
527,2021-11-20,https://www.youtube.com/watch?v=ZXH1qadrJBI,【Twitch】うんこちゃん『スマブラのダウンロードを待つ(コメ有)』【2021/11/20】,3536
528,2021-11-23,https://www.youtube.com/watch?v=NiRlYN8cLZk,【Twitch】うんこちゃん『ポケダンのインストールをする』【2021/11/23】,1463
529,2021-12-19,https://www.youtube.com/watch?v=T0gU__9NZNY,【Twitch】うんこちゃん『なんかやれ』【2021/12/20】,651
530,2021-12-25,https://www.youtube.com/watch?v=FNXlRNNMftg,【Twitch】うんこちゃん『有馬記念一攫千金配信』【2021/12/26】,9623
531,2022-01-12,https://www.youtube.com/watch?v=rZSeGO7wcis,【Twitch】うんこちゃん『雑談し、ぷぺるを見る(コメ有)』【2022/01/11-12】,2800
532,2022-01-15,https://www.youtube.com/watch?v=jFTl4QdD0RM,【Twitch】うんこちゃん『test(コメ有)』【2022/01/13】,18874
533,2022-02-02,https://www.youtube.com/watch?v=adEl0IcXcCs,【Twitch】うんこちゃん『諸々決める雑談』【2021/12/20-21】,28373
534,2022-02-02,https://www.youtube.com/watch?v=Bi-BiJGc5f4,【Twitch】うんこちゃん『そばの前の雑談』【2021/12/31】,2557
535,2022-02-03,https://www.youtube.com/watch?v=d7_K-p8bayU,【Twitch】うんこちゃん『ちょっとだけ雑談』【2021/10/12-13】,7677
536,2022-02-11,https://www.youtube.com/watch?v=QVsT9XTnHzQ,【Twitch】うんこちゃん『サブすくのスタンプを決める。』【2021/10/08】,2667
537,2022-02-02,https://www.youtube.com/watch?v=tU_Gyx-PceM,【Twitch】うんこちゃん『雑談』【2022/01/11】,3518
538,2022-02-02,https://www.youtube.com/watch?v=AZLOn8M1AmY,【Twitch】うんこちゃん『声を出す練習』【2022/01/12】,1809
539,2022-02-03,https://www.youtube.com/watch?v=m-Mhxs_obEw,【Twitch】うんこちゃん『スタミナが切れた男の人』【2022/01/12-13】,33962
540,2022-02-02,https://www.youtube.com/watch?v=AU-Hijfxspc,【Twitch】うんこちゃん『加藤純一移動』【2022/01/13】,1052
541,2022-01-22,https://www.youtube.com/watch?v=MNIZJYLGL0w,【Twitch】うんこちゃん『雑談しながらキメラ動かす』【2022/01/22】,6429
542,2022-01-24,https://www.youtube.com/watch?v=NfBWfV878vs,【Twitch】うんこちゃん『ALGSミラーする抜け道を皆で考える』【2022/01/24】,17403
543,2022-02-13,https://www.youtube.com/watch?v=VzfI7KzdIqs,【ch】うんこちゃん『純がニコ生するぞ』【2022/02/13-14】,3165
544,2022-02-14,https://www.youtube.com/watch?v=q1IYP0jf6KQ,【Twitch】うんこちゃん×もこう『加藤純一タワーバトル大会で優勝する男』【2022/02/14】,4236
545,2022-02-15,https://www.youtube.com/watch?v=amGTk4WSs6Q,【Twitch】うんこちゃん『今後何をするか決める群衆』【2022/02/15】,7475
546,2022-02-20,https://www.youtube.com/watch?v=P0WxsMPiOw0,【Twitch】うんこちゃん『加藤純一の面白雑談』【2022/02/19-20】,37136
547,2022-02-23,https://www.youtube.com/watch?v=Argi3mCapCU,【ch】うんこちゃん『うんこ』【2022/02/23】,1910
548,2022-02-28,https://www.youtube.com/watch?v=gge39qZ75e0,【Twitch】うんこちゃん『雑談』【2022/02/27-28】,26751
549,2022-03-05,https://www.youtube.com/watch?v=KUtYWIqHgyQ,【Twitch】うんこちゃん『皆が起きるまで暇つぶし』【2022/03/05】,17593
550,2022-03-06,https://www.youtube.com/watch?v=0-suDKvYCeE,【Twitch】うんこちゃん『適当に時間潰す』【2022/03/02】,13681
551,2022-03-06,https://www.youtube.com/watch?v=X0CCOVcck2s,【Twitch】うんこちゃん『雑談』【2022/03/03-04】,19088
552,2022-03-07,https://www.youtube.com/watch?v=cn1cnOwpvNc,【Twitch】うんこちゃん『寝る前にちょっと話す人』【2022/03/08】,263
553,2022-03-09,https://www.youtube.com/watch?v=dkwhh8byvqo,【Twitch】うんこちゃん『APEXして寝る』【2022/03/09】,4783
554,2022-03-09,https://www.youtube.com/watch?v=ic-UOOtmHXY,【Twitch】うんこちゃん『11時まで暇つぶす人』【2022/03/09】,4218
555,2022-03-10,https://www.youtube.com/watch?v=ERIWk1gYnkw,【Twitch】うんこちゃん『寝る前にちょっと話す人』【2022/03/10】,1123
556,2022-03-11,https://www.youtube.com/watch?v=MUff62zfYh4,【Twitch】うんこちゃん『11時まで暇つぶす人』【2022/03/11】,17147
557,2022-03-11,https://www.youtube.com/watch?v=FKEBqOoP7q0,【ch】うんこちゃん『やぁ』【2022/03/11】,3710
558,2022-03-17,https://www.youtube.com/watch?v=xiscH7BderA,【Twitch】うんこちゃん『テスト』【2022/03/17】,6438
559,2022-04-01,https://www.youtube.com/watch?v=x30tQme5AGM,【Twitch】うんこちゃん『だらだらと時間をつぶす』雑談部分【2022/03/31】,24306
560,2022-04-02,https://www.youtube.com/watch?v=0slP5KqSQeA,【Twitch】うんこちゃん『大阪杯まで時間をつぶそうの会』【2022/04/03】,5157
561,2022-04-10,https://www.youtube.com/watch?v=5VcRprka9vs,【Twitch】うんこちゃん『飲みながら寝る』【2022/04/09-10】,18899
562,2022-04-12,https://www.youtube.com/watch?v=ShbwvMjmFIk,【Twitch】うんこちゃん『夜まで暇つぶしで何かやる』【2022/04/11】,38496
563,2022-04-15,https://www.youtube.com/watch?v=zSrcyP4H740,【Twitch】うんこちゃん『夜まで暇つぶしで何かやる』【2022/04/14-15】,22016
564,2022-04-15,https://www.youtube.com/watch?v=awzNyZLM4YI,【Twitch】うんこちゃん『23時過ぎまで』【2022/04/15】,4058
565,2022-04-20,https://www.youtube.com/watch?v=Gho77Y5GUsM,【Twitch】うんこちゃん『カラオケをする中年』【2022/04/17】,8890
566,2022-04-30,https://www.youtube.com/watch?v=FX5iOr9l0EU,【Twitch】うんこちゃん『雑談』【2022/04/30】,17554
567,2022-05-01,https://www.youtube.com/watch?v=ZSuYqgU96vE,【Twitch】うんこちゃん『何かで暇をつぶすか』【2022/05/01】,433
568,2022-05-02,https://www.youtube.com/watch?v=uvNhRPBt6RA,【Twitch】うんこちゃん『タクシー雑談』【2022/05/02】,1709
569,2022-05-04,https://www.youtube.com/watch?v=hNhs_s0gX44,【Twitch】うんこちゃん『19時半まで』【2022/05/04】,11140
570,2022-06-19,https://www.youtube.com/watch?v=nbhxWK2nm9U,【Twitch】うんこちゃん『大女優はな様が出演する世にも奇妙な物語をみんなで見る枠』【2022/06/18】,3535
571,2022-06-20,https://www.youtube.com/watch?v=PINVwHvTwHs,【Twitch】うんこちゃん『KHさんに日本食をふるまうパーティ配信』【2022/06/20】,22345
572,2022-07-25,https://www.youtube.com/watch?v=v1SmP2E3Vbo,【Twitch】うんこちゃん『pcぶっこわれた雑談』【2022/07/23】,4911
573,2022-07-27,https://www.youtube.com/watch?v=t8jgypKrGiM,【Twitch】うんこちゃん『テスト』【2022/07/28】,9231
574,2022-08-12,https://www.youtube.com/watch?v=48DelN-7tlE,【Twitch】うんこちゃん『加藤純一の休日』【2022/08/10】,13299
575,2022-08-20,https://www.youtube.com/watch?v=cJfwM7sHxds,【Twitch】うんこちゃん『24時まで』【2022/08/20】,4115
576,2022-08-23,https://www.youtube.com/watch?v=QA9-vyqttko,【Twitch】うんこちゃん『昼夜逆転小僧』【2022/08/23】,16812
577,2022-08-28,https://www.youtube.com/watch?v=K15rQwCd3g0,"【Twitch】うんこちゃん『VALO(雑談,APEX,スパピ部分)』【2022/08/25】",25984
578,2022-08-30,https://www.youtube.com/watch?v=-wzDPdDvCWc,【Twitch】うんこちゃん『適当に(雑談→スパピ)』【2022/08/29】,8936
579,2022-09-06,https://www.youtube.com/watch?v=uWdu98CyGuE,【Twitch】うんこちゃん『２１時まで暇をつぶす』【2022/09/03】,12902
580,2022-09-12,https://www.youtube.com/watch?v=7AjWdXZo32I,【Twitch】うんこちゃん『雑談する』【2022/09/08】,34036
581,2022-09-12,https://www.youtube.com/watch?v=4TmPVt-0HUA,【Twitch】うんこちゃん『加藤純一』【2022/09/10】,6175
582,2022-09-15,https://www.youtube.com/watch?v=N9vepO5Gt-A,【ch】うんこちゃん『加藤純一』【2022/09/12】,2424
583,2022-09-16,https://www.youtube.com/watch?v=8YlYtA6Ny-g,【Twitch】うんこちゃん『令和の大雑談』【2022/09/15-16】,8421
584,2022-09-26,https://www.youtube.com/watch?v=13vfMaxZh9g,【Twitch】うんこちゃん『だらだらと(雑談部分)』【2022/09/24】,18341
585,2022-10-01,https://www.youtube.com/watch?v=7ho_MS2knYw,【Twitch】うんこちゃん『まずはおはようございます』【2022/10/01】,3844
586,2022-10-02,https://www.youtube.com/watch?v=p1c2XrycuRw,【Twitch】うんこちゃん『アニメ大鑑賞会』【2022/10/01】,10822
587,2022-10-07,https://www.youtube.com/watch?v=59tt7K021V0,【Twitch】うんこちゃん『17時半～髪切るから１６時まで暇をつぶす』【2022/10/07】,8135
588,2022-10-14,https://www.youtube.com/watch?v=EO-_hWm_UJE,【Twitch】うんこちゃん『チェンソーマンウォッチパーティー』【2022/10/12】,2351
589,2022-10-19,https://www.youtube.com/watch?v=rlcUlCLBHx8,【ch】うんこちゃん『古のニコ動を見る』【2022/10/09】,7752
590,2022-10-20,https://www.youtube.com/watch?v=GgkLr8xstDg,【Twitch】うんこちゃん『夕方まで』【2022/10/19】,18723
591,2022-10-22,https://www.youtube.com/watch?v=iONHmx9Ua5A,【Twitch】うんこちゃん『ウォッチパーティー「チェンソーマン第２話」』【2022/10/20】,3361
592,2022-10-22,https://www.youtube.com/watch?v=PMEc1nms1iM,【Twitch】うんこちゃん『首を寝違えている』【2022/10/21】,971
593,2022-11-06,https://www.youtube.com/watch?v=_zA3R2kjslw,【Twitch】うんこちゃん『おはようございます』【2022/11/05】,15779
594,2022-11-09,https://www.youtube.com/watch?v=Q0Oh7-X4q_o,【Twitch】うんこちゃん『風呂5日間入ってない男』【2022/11/10】,9087
595,2022-11-14,https://www.youtube.com/watch?v=7VPE3q01iqQ,"【Twitch】うんこちゃん『まず目を覚ます(チェンソーマン4話,APEX)』2/2【2022/11/10-11】",33384
596,2022-12-21,https://www.youtube.com/watch?v=yux22ynRitM,【Twitch】うんこちゃん『なんかやる』【2022/12/11】,10327
597,2022-12-22,https://www.youtube.com/watch?v=szG89vecEV0,【Twitch】うんこちゃん『直るまで雑談』【2022/12/18】,1280
598,2022-12-22,https://www.youtube.com/watch?v=PvFCMXx-2Uk,【Twitch】うんこちゃん『直るまで雑談』2/2【2022/12/18】,2669
599,2022-12-27,https://www.youtube.com/watch?v=dRJo7YXcne4,【Twitch】うんこちゃん『復活』【2022/12/23】,4264
600,2023-01-05,https://www.youtube.com/watch?v=g__HB9EZoIE,【Twitch】うんこちゃん『お雑煮』【2023/01/02】,133
601,2023-01-05,https://www.youtube.com/watch?v=r9kyxERDVTg,【Twitch】うんこちゃん『準備できるまで雑談』【2023/01/02】,7994
602,2023-01-05,https://www.youtube.com/watch?v=R7nTiv92n78,【Twitch】うんこちゃん『お雑煮を作るぞ！放送』【2023/01/03】,4021
603,2023-01-10,https://www.youtube.com/watch?v=2Ieo0-EENuM,【Twitch】うんこちゃん『17時半まで』【2023/01/06】,4963
604,2023-01-18,https://www.youtube.com/watch?v=iXiKOVlcoLs,【Twitch】うんこちゃん『ｳﾞｧﾛﾗﾝﾄﾑﾗｯｼｭｹﾞｰﾐﾝｸﾞ応援部』【2023/01/14】,5580
605,2023-01-27,https://www.youtube.com/watch?v=2_ZfEJxYNO0,【Twitch】うんこちゃん『ウォッチパーティーする １００日後に死ぬワニ 呪術廻戦 』【2023/01/25】,11239
606,2023-02-13,https://www.youtube.com/watch?v=ZG9zifKdVt0,【Twitch】うんこちゃん『雑談』【2023/02/08】,20412
607,2023-02-19,https://www.youtube.com/watch?v=rsZ3CDuoa3k,【Twitch】うんこちゃん『ねてないわぁ～』【2023/02/13】,4183
608,2023-02-19,https://www.youtube.com/watch?v=XAB6MFWE42s,【Twitch】うんこちゃん『起きるまで雑談』【2023/02/18】,27166
609,2023-03-05,https://www.youtube.com/watch?v=WRzOs0ih8NA,【Twitch】うんこちゃん『2試合VALOして雑談(雑談部分)』【2023/03/03】,6082
610,2023-03-05,https://www.youtube.com/watch?v=DxbavY2qiMM,【Twitch】うんこちゃん『VALO前の雑談』【2023/03/03】,1055
611,2023-03-20,https://www.youtube.com/watch?v=Y0b7C-dZoto,【Twitch】うんこちゃん『麻雀しながら雑談する男』【2023/03/08】,30310
612,2023-03-20,https://www.youtube.com/watch?v=YX3OdwhlV4U,【Twitch】うんこちゃん『雑談』【2023/03/07】,11047
613,2023-03-20,https://www.youtube.com/watch?v=9s8QFcwvNmg,【Twitch】うんこちゃん『WBC日韓戦応援配信』【2023/03/10】,15483
614,2023-03-26,https://www.youtube.com/watch?v=3njpNVuxLVg,【Twitch】うんこちゃん『１８時までだら～っとする』1/4【2023/03/16】,9196
615,2023-04-02,https://www.youtube.com/watch?v=W6QAw0kueJo,【Twitch】うんこちゃん『18時までだら~っとする』2/4【2023/03/16-17】,22984
616,2023-04-02,https://www.youtube.com/watch?v=pOkL7j43osw,【Twitch】うんこちゃん『18時までだら~っとする』3/4【2023/03/16-17】,16084
617,2023-04-02,https://www.youtube.com/watch?v=GInDnLJtg_k,【Twitch】うんこちゃん『18時までだら~っとする』4/4【2023/03/16-17】,7561
618,2023-04-02,https://www.youtube.com/watch?v=bRVAuYtZLMo,【Twitch】うんこちゃん『なんかのゲームを一日でクリアする』1/3【2023/03/17】,24872
619,2023-04-02,https://www.youtube.com/watch?v=HlCaQC6OqoE,【Twitch】うんこちゃん『なんかのゲームを一日でクリアする』2/3【2023/03/17】,6432
620,2023-04-02,https://www.youtube.com/watch?v=xovMSOA0mrk,【Twitch】うんこちゃん『なんかのゲームを一日でクリアする』3/3【2023/03/17】,13876
621,2023-04-02,https://www.youtube.com/watch?v=XuffPSlC8DI,【Twitch】うんこちゃん『ポケモンオメガルビーをやる人(雑談)』【2023/03/18】,5816
622,2023-04-04,https://www.youtube.com/watch?v=ByynYy98ZkY,【Twitch】うんこちゃん『続・垂れ流し配信』【2023/03/19】,34485
623,2023-04-04,https://www.youtube.com/watch?v=4zxzholwA4M,【Twitch】うんこちゃん『続・垂れ流し配信』【2023/03/19-20】,36000
624,2023-04-04,https://www.youtube.com/watch?v=Ld0x8WKkZb0,【Twitch】うんこちゃん『まだまだ垂れ流し配信』【2023/03/20】,13278
625,2023-04-10,https://www.youtube.com/watch?v=0ZELQ7aBlR4,【Twitch】うんこちゃん『ﾑﾗｯｼｭｹﾞｰﾐﾝｸﾞVALO応援配信』【2023/03/22】,27511
626,2023-04-12,https://www.youtube.com/watch?v=JHaM8bd3O5E,【Twitch】うんこちゃん『配信最終日？』1/2【2023/03/22】,14757
627,2023-04-12,https://www.youtube.com/watch?v=X1D1oN6k24w,【Twitch】うんこちゃん『配信最終日？』2/2【2023/03/22】,36872
628,2023-04-14,https://www.youtube.com/watch?v=pWabYdJmVCk,【Twitch】うんこちゃん『寝る前にちょっと配信』【2023/03/25】,6748
629,2023-04-17,https://www.youtube.com/watch?v=lScTfobIiB0,【Twitch】うんこちゃん『解放され話せることのすべてを話す男』【2023/03/27】,13788
630,2023-04-17,https://www.youtube.com/watch?v=_KG-2p6jrmE,【Twitch】うんこちゃん『ﾊﾞｲｵまで暇をつぶす男』【2023/03/28】,10616
631,2023-04-22,https://www.youtube.com/watch?v=EENqT8i2_Tk,【Twitch】うんこちゃん『１５分雑談してバイオre4』【2023/04/03】,1659
632,2023-04-27,https://www.youtube.com/watch?v=dLCcHRu8KmA,【Twitch】うんこちゃん『まじで昼夜逆転なおす』【2023/04/16】,23720
633,2023-04-27,https://www.youtube.com/watch?v=df5f5gmzUkA,【Twitch】うんこちゃん『もこうとスロット 〜外編〜』【2023/04/16】,1705
634,2023-04-27,https://www.youtube.com/watch?v=iXCuLLMDJaE,【Twitch】うんこちゃん『みなとアキバ探訪〜ゆゆうたコンカフェ編〜』【2023/04/16】,3635
635,2023-04-27,https://www.youtube.com/watch?v=84ydWOoZ2ZM,【Twitch】うんこちゃん『みんなと外配信〜魂の麻雀編〜』【2023/04/16】,11798
636,2023-05-08,https://www.youtube.com/watch?v=zOZbW_gbom8,【Twitch】うんこちゃん『雑談しながら何やるか決める』【2023/04/25】,35868
637,2023-05-08,https://www.youtube.com/watch?v=tiGRZSZ4OuY,【Twitch】うんこちゃん『焼きそば食いながら雑談』【2023/04/27】,27354
638,2023-05-09,https://www.youtube.com/watch?v=Jpx6q3Er85c,【Twitch】うんこちゃん『ムラゲPC紹介放送』【2023/04/29】,4531
639,2023-05-16,https://www.youtube.com/watch?v=-kNToHr6bbc,【Twitch】うんこちゃん『雑談し、飲みに行く人』【2023/05/03】,3261
640,2023-05-23,https://www.youtube.com/watch?v=QAY2EelRj5Q,【Twitch】うんこちゃん『APEX後の雑談』【2023/05/14】,13301
641,2023-05-26,https://www.youtube.com/watch?v=Fe7NioCzQn4,【Twitch】うんこちゃん『シミュレーションゲーム適当にやりながら無職人狼のルール決める』【2023/05/17】,26060
642,2023-05-26,https://www.youtube.com/watch?v=wewyiS42v7I,【Twitch】うんこちゃん『19時までだらだらと』【2023/05/17】,247
643,2023-05-26,https://www.youtube.com/watch?v=IP6wClJPwo4,【Twitch】うんこちゃん『無職人狼の有職者募集』【2023/05/17】,6813
644,2023-05-27,https://www.youtube.com/watch?v=3lKJIMSj44U,【Twitch】うんこちゃん『ﾑﾗｯｼｭｹﾞｰﾐﾝｸﾞｳﾞｧﾛﾗﾝﾄ部門緊急会議』【2023/05/23】,4453
645,2023-05-28,https://www.youtube.com/watch?v=EgVsYdSSunA,【Twitch】うんこちゃん『オークス必勝配信』【2023/05/21】,4738
646,2023-05-28,https://www.youtube.com/watch?v=q9HJr8jkCvs,【Twitch】うんこちゃん『寝ちゃった男』【2023/05/22】,31051
647,2023-06-04,https://www.youtube.com/watch?v=3nVwynsImyk,【Twitch】うんこちゃん『日本ダービー必勝放送』【2023/05/28】,8691
648,2023-06-04,https://www.youtube.com/watch?v=emcuGE3TYb8,【Twitch】うんこちゃん『飯食いながら雑談男』【2023/05/28】,13627
649,2023-06-05,https://www.youtube.com/watch?v=IMATxhXSs_A,【Twitch】うんこちゃん『なんかおもろいゲームをやる』【2023/05/27】,26286
650,2023-06-09,https://www.youtube.com/watch?v=1ISImv13FJc,【Twitch】うんこちゃん『15時半まで雑談して出かける』【2023/06/05】,2553
651,2023-06-09,https://www.youtube.com/watch?v=rodr71GSSaU,【Twitch】うんこちゃん『雑談』【2023/06/02】,17676
652,2023-06-18,https://www.youtube.com/watch?v=y9tZ9VCjB-w,【Twitch】うんこちゃん『雑談』【2023/06/06】,22252
653,2023-06-18,https://www.youtube.com/watch?v=L51csRuVyaU,【Twitch】うんこちゃん『モスバーガー食う』【2023/06/08】,18931
654,2023-06-18,https://www.youtube.com/watch?v=0ulvfd1u-c0,【Twitch】うんこちゃん『雑談』【2023/06/13】,13175
655,2023-06-29,https://www.youtube.com/watch?v=uzG8x3pl4Es,【Twitch】うんこちゃん『雑談』【2023/06/18】,10451
656,2023-06-22,https://www.youtube.com/watch?v=C954gTzggDo,【Twitch】うんこちゃん『加藤純一の雑談』【2023/06/19】,18109
657,2023-06-22,https://www.youtube.com/watch?v=Van72lJJC94,【Twitch】うんこちゃん『なにかやるお→加藤家ルームツアー』【2023/06/14】,13780
658,2023-06-30,https://www.youtube.com/watch?v=VDW1YGLoesM,【Twitch】うんこちゃん『３０分雑談して目を覚ましてからFF16』【2023/06/25】,18841
659,2023-06-30,https://www.youtube.com/watch?v=561Wm0loSGA,【Twitch】うんこちゃん『だらっと麻雀やりながら』【2023/06/27】,10983
660,2023-06-30,https://www.youtube.com/watch?v=BPbd1DucEfw,【Twitch】うんこちゃん『３９分くらい雑談してから』【2023/06/27】,6761
661,2023-06-30,https://www.youtube.com/watch?v=N5wt0jiUzDs,【Twitch】うんこちゃん『FF16ダウンロード中の雑談』【2023/06/24】,1258
662,2023-07-05,https://www.youtube.com/watch?v=fZ64ecrdy_Q,【Twitch】うんこちゃん『第２回ムラゲPC争奪ピンボール大会』【2023/06/30】,2660
663,2023-07-05,https://www.youtube.com/watch?v=SuPdounKVGs,【Twitch】うんこちゃん『１５時までVALOしてFF１６夜更けまでする』【2023/07/02】,10615
664,2023-07-11,https://www.youtube.com/watch?v=i0RTeweyh8c,【Twitch】うんこちゃん『のんべんだらりと』【2023/07/07】,7743
665,2023-07-11,https://www.youtube.com/watch?v=wG2V_20y_hA,【Twitch】うんこちゃん『のんべんだらりと2』【2023/07/07】,6901
666,2023-07-11,https://www.youtube.com/watch?v=zG_Mw4N3Q-E,【Twitch】うんこちゃん『雑談OR何か』【2023/07/08】,15587
667,2023-07-12,https://www.youtube.com/watch?v=_hSTXl9gNeM,【Twitch】うんこちゃん『タクシー乗りながら雑談』【2023/07/06】,621
668,2023-07-14,https://www.youtube.com/watch?v=2qUKu8ulSno,【Twitch】うんこちゃん『STEAMなどで神げーを見つける男→ピクミン4体験版』【2023/07/09】,11280
669,2023-07-23,https://www.youtube.com/watch?v=IOrjVf5ulGM,【Twitch】うんこちゃん『積もる話』【2023/07/16】,17050
670,2023-07-23,https://www.youtube.com/watch?v=8Lifil-dSOM,【Twitch】うんこちゃん『充電でき次第ピクミン３』【2023/07/17】,30822
671,2023-07-23,https://www.youtube.com/watch?v=uht15BkxVT0,【Twitch】うんこちゃん『19時までにFIFA２３世界一うまくなる男人』【2023/07/18】,15913
672,2023-07-23,https://www.youtube.com/watch?v=jAKNXyiA3yI,【Twitch】うんこちゃん『雑談、麻雀、ETC』【2023/07/19】,7032
673,2023-07-23,https://www.youtube.com/watch?v=E7fz5iECMKI,【Twitch】うんこちゃん『適当に雑談』【2023/07/21】,40008
674,2023-07-28,https://www.youtube.com/watch?v=NeJqK4VEqhs,【Twitch】うんこちゃん『雑談』【2023/07/22】,5741
675,2023-07-22,https://www.youtube.com/watch?v=ZXEXs9YTzCg,加藤純一 雑談ダイジェスト【2023/07/21】「適当に雑談(雑談部分)」(Twitch),8504
676,2023-07-17,https://www.youtube.com/watch?v=sgRPwXvgRi4,加藤純一 雑談ダイジェスト【2023/07/16】「積もる話」(Twitch),6534
677,2023-07-11,https://www.youtube.com/watch?v=nGv453uA7vo,加藤純一 雑談ダイジェスト【2023/07/08】「VALO２試合ジャンたま２はんちゃんのちに何か〜雑談OR何か」(Twitch),10426
678,2023-07-07,https://www.youtube.com/watch?v=wPbDUcEsbUs,加藤純一 雑談ダイジェスト【2023/07/07】「のんべんだらりと~のんべんだらりと2」(Twitch),5135
679,2023-06-26,https://www.youtube.com/watch?v=p30ZErUPMzE,加藤純一 雑談ダイジェスト【2023/06/25】「３０分雑談して目を覚ましてからFF16」(Twitch),6830
680,2023-06-20,https://www.youtube.com/watch?v=btGHLJvVbxE,加藤純一 雑談ダイジェスト【2023/06/18】「雑談」(Twitch),4843
681,2023-06-15,https://www.youtube.com/watch?v=oorcJ4Lfn4s,加藤純一 雑談ダイジェスト【2023/06/14】「なにかやるお~加藤家ルームツアー」(Twitch),5981
682,2023-06-08,https://www.youtube.com/watch?v=LD7fq-aZlhI,加藤純一 雑談ダイジェスト【2023/06/06】「雑談」(Twitch),8565
683,2023-06-05,https://www.youtube.com/watch?v=RgO1lsla7ZU,加藤純一 雑談ダイジェスト【2023/06/03】「VALO2試合して雑談(雑談部分)」(Twitch),6468
684,2023-06-01,https://www.youtube.com/watch?v=h75-Q_hKYHI,加藤純一 雑談ダイジェスト【2023/05/31】「pizzaまで」(Twitch),4857
685,2023-05-29,https://www.youtube.com/watch?v=cnLvsdTaLxc,加藤純一 雑談ダイジェスト【2023/05/29】「VALO３試合くらいする(雑談部分)」(Twitch),4230
686,2023-05-29,https://www.youtube.com/watch?v=Kjdf6IWrHvc,加藤純一 雑談ダイジェスト【2023/05/28】「飯食いながら雑談男」(Twitch),5145
687,2023-05-27,https://www.youtube.com/watch?v=ZjM-7zZ38mk,遂にアメイジンググレイス配信者となった加藤純一まとめ【2023/05/27】,2224
688,2023-05-24,https://www.youtube.com/watch?v=d8qkwyYbgwQ,加藤純一 雑談ダイジェスト【2023/05/22】「寝ちゃった男」(Twitch),11533
689,2023-05-17,https://www.youtube.com/watch?v=mQP05NWsWY4,加藤純一の無職人狼 準備枠ダイジェスト【2023/05/16~17】,4453
690,2023-05-15,https://www.youtube.com/watch?v=A-FH9MkjnI8,加藤純一 雑談ダイジェスト【2023/05/14】「APEX(雑談部分)」(Twitch),3928
691,2023-04-26,https://www.youtube.com/watch?v=axX1qHidOkw,加藤純一 雑談ダイジェスト【2023/04/25】「雑談しながら何やるか決める」(Twitch),9289
692,2023-04-17,https://www.youtube.com/watch?v=FMO4Wk8-0hs,加藤純一 雑談ダイジェスト【2023/04/16】「まじで昼夜逆転をなおす」(Twitch),6346
693,2023-03-29,https://www.youtube.com/watch?v=O9gUbuIqlv4,加藤純一 雑談ダイジェスト【2023/03/27】「解放され話せることのすべてを話す男」(Twitch),5486
694,2023-03-09,https://www.youtube.com/watch?v=9inwrOW5TgM,加藤純一 雑談ダイジェスト【2023/03/08】「麻雀しながら雑談する男」(Twitch),6734
695,2023-03-08,https://www.youtube.com/watch?v=k7zMOaPnKxk,加藤純一 雑談ダイジェスト【2023/03/07】「雑談」(Twitch),4886
696,2023-03-04,https://www.youtube.com/watch?v=o4ibn63YBec,加藤純一 雑談ダイジェスト【2023/03/03】「2試合VALOして雑談」(Twitch),2743
697,2023-02-20,https://www.youtube.com/watch?v=Cqu96ZHhjUQ,加藤純一 雑談ダイジェスト【2023/02/18】「起きるまで雑談」(Twitch),8832
698,2023-02-15,https://www.youtube.com/watch?v=UMm8y8Q0XAw,"加藤純一 雑談ダイジェスト【2023/02/13】「valo,ねてないわぁ〜」(Twitch)",7189
699,2023-02-13,https://www.youtube.com/watch?v=loiEpE-5cFI,加藤純一 雑談ダイジェスト【2023/02/11】「２４時まで(午後編)」(Twitch),6250
700,2023-02-12,https://www.youtube.com/watch?v=SqAsVg--L9U,加藤純一 雑談ダイジェスト【2023/02/11】「２４時まで(午前編)」(Twitch),6752
701,2023-02-09,https://www.youtube.com/watch?v=59QIJ5A8WLc,加藤純一 雑談ダイジェスト【2023/02/08】「VALO大座学会」(Twitch),4111
702,2023-01-08,https://www.youtube.com/watch?v=BR5-l-1elHI,加藤純一 雑談ダイジェスト【2023/01/08】「雑談」(Twitch),5533
703,2023-01-03,https://www.youtube.com/watch?v=nZwGKVt6bxs,加藤純一 雑談ダイジェスト【2023/1/2】「準備できるまで雑談」(Twitch),3350
704,2022-12-12,https://www.youtube.com/watch?v=O-i07FOtVYc,加藤純一 雑談ダイジェスト【2022/12/11】「なんかやる~FIFA２３で日本を優勝させる男」(Twitch),4921
705,2022-11-13,https://www.youtube.com/watch?v=kbAmaRbcmDs,加藤純一 雑談ダイジェスト【2022/11/11】「まず目を覚ます」(Twitch),4153
706,2022-11-11,https://www.youtube.com/watch?v=lhgBmUSXN-E,加藤純一 雑談ダイジェスト【2022/11/10】「医者にいくまで時間つぶす」(再投稿),4070
707,2022-11-10,https://www.youtube.com/watch?v=ObNxE2H7HyQ,加藤純一 雑談ダイジェスト【2022/11/09】「風呂5日間入ってない男」(Twitch),2947
708,2022-11-05,https://www.youtube.com/watch?v=rqnj-4dSdz4,加藤純一 雑談ダイジェスト【2022/11/05】「おはようございます」(Twitch),2436
709,2022-11-04,https://www.youtube.com/watch?v=lHeVFii1UTc,【電話審査編】ムラッシュゲーミング 二次審査ダイジェスト【2022/11/03】,7188
710,2022-10-31,https://www.youtube.com/watch?v=kP-YGkB6UlE,【書類審査編】ムラッシュゲーミング 一次審査ダイジェスト【2022/10/30】,6114
711,2022-10-19,https://www.youtube.com/watch?v=ixQRjkGi4jI,加藤純一 雑談ダイジェスト【2022/10/19】「夕方まで」(Twitch),3834
712,2022-09-28,https://www.youtube.com/watch?v=gpcHdpxjTA0,加藤純一 雑談ダイジェスト【2022/09/28】「テスト」(Twitch),2922
713,2022-09-26,https://www.youtube.com/watch?v=g8xjVozjlMY,加藤純一 雑談ダイジェスト【2022/09/24】「だらだらと」(Twitch),4691
714,2022-09-20,https://www.youtube.com/watch?v=m5eqzvk-db8,加藤純一 雑談ダイジェスト【2022/09/19】「なんかおもろそうなゲーム見つける」(Twitch),3260
715,2022-09-16,https://www.youtube.com/watch?v=cdkQY5qDORI,加藤純一 雑談ダイジェスト【2022/09/15】「令和の大雑談」(Twitch),2853
716,2022-09-10,https://www.youtube.com/watch?v=R_ES0UKBCT8,加藤純一 雑談ダイジェスト【2022/09/08】「雑談する」(Twitch),8833
717,2022-09-04,https://www.youtube.com/watch?v=2ft7ve52K4o,加藤純一 雑談ダイジェスト【2022/09/03】「２１時まで暇をつぶす」(Twitch),4232
718,2022-08-31,https://www.youtube.com/watch?v=S_OX6FUBW-k,加藤純一 雑談ダイジェスト【2022/08/28】「加藤純一の暇つぶし(雑談部分)」(Twitch),3608
719,2022-08-26,https://www.youtube.com/watch?v=mP_8HOz5Lc0,加藤純一 雑談ダイジェスト【2022/08/25】「VALO(雑談部分)」(Twitch),3378
720,2022-08-23,https://www.youtube.com/watch?v=lm2KcSOXGL8,加藤純一 雑談ダイジェスト【2022/08/23】「昼夜逆転小僧(Twitch)」,4539
721,2022-08-17,https://www.youtube.com/watch?v=zmzMAU3EBdc,加藤純一 雑談ダイジェスト【2022/08/15】「寝すぎた男(Twitch)」,5608
722,2022-07-28,https://www.youtube.com/watch?v=eDGyU1jT9ro,加藤純一 雑談ダイジェスト【2022/07/27】「テスト(Twitch)」,3240
723,2022-07-24,https://www.youtube.com/watch?v=zIZ84WTmjWU,加藤純一 雑談ダイジェスト【2022/07/23】「pcぶっこわれた雑談&準備(Twitch)」,2745
724,2022-07-15,https://www.youtube.com/watch?v=qhBqyHJtBBw,加藤純一 雑談ダイジェスト【2022/07/15】「加藤純一のちょっと面白い話２(YouTube)」,3101
725,2022-06-27,https://www.youtube.com/watch?v=D9mXKZW7ODw,加藤純一 雑談ダイジェスト【2022/06/26】「今日はだら〜っと過ごす(雑談部分)(Twitch)」,2362
726,2022-06-21,https://www.youtube.com/watch?v=Gytn6gAG0Pw,加藤純一 雑談ダイジェスト【2022/06/20】「KHさんに日本食をふるまうパーティー配信(Twitch)」,7809
727,2022-06-09,https://www.youtube.com/watch?v=64JFdpqhTcw,加藤純一 雑談ダイジェスト【2022/06/09】「何やるか決める(雑談部分)(Twitch)」,878
728,2022-06-05,https://www.youtube.com/watch?v=ghuKV-bedNA,加藤純一 雑談ダイジェスト【2022/06/05】「飲み会(Twitch)」,2622
729,2022-05-05,https://www.youtube.com/watch?v=IBebxqkztJE,加藤純一 雑談ダイジェスト【2022/05/04】「19時半まで(Twitch)」,4206
730,2022-05-02,https://www.youtube.com/watch?v=rV8CYDfLe3c,加藤純一 雑談ダイジェスト【2022/04/30】「雑談(Twitch)」,5708
731,2022-04-18,https://www.youtube.com/watch?v=jmoIJx2BfdY,加藤純一 雑談ダイジェスト【2022/04/14】「寝る前に雑談(Twitch)」,3801
732,2022-04-17,https://www.youtube.com/watch?v=k4mzoWPknL8,加藤純一BANまでの一部始終 & 各所の反応まとめ,505
733,2022-04-12,https://www.youtube.com/watch?v=etklIOaxBcs,加藤純一 雑談ダイジェスト【2022/04/11】「夜まで暇つぶしで何かやる(Twitch)」,1429
734,2022-04-11,https://www.youtube.com/watch?v=uSyQER114DA,加藤純一 雑談ダイジェスト【2022/04/09】「飲みながら寝る(Twitch)」,6219
735,2022-04-03,https://www.youtube.com/watch?v=tze4skbIQI4,加藤純一 雑談ダイジェスト【2022/04/03】「大阪杯まで時間をつぶそうの会(Twitch)」,1493
736,2022-03-31,https://www.youtube.com/watch?v=zmCIZ0hi-AU,加藤純一 雑談ダイジェスト【2022/03/31】「だらだらと時間をつぶす会(Twitch)」,5950
737,2022-03-29,https://www.youtube.com/watch?v=TlVTXfTqCE4,加藤純一 雑談ダイジェスト【2022/03/29】「気分最高に良し雑談(YouTube)」,2053
738,2022-03-27,https://www.youtube.com/watch?v=39jTVVN0tE0,加藤純一 雑談ダイジェスト【2022/03/26】「気分良し雑談(YouTube)」,3207
739,2022-03-17,https://www.youtube.com/watch?v=RtYfhJx4n18,加藤純一 雑談ダイジェスト【2022/03/17】「テスト(Twitch)」,2188
740,2022-03-13,https://www.youtube.com/watch?v=vQSG83mBw_8,映像付きで振り返る、結婚披露宴後日談ダイジェスト【2022/03/13】,1996
741,2022-03-10,https://www.youtube.com/watch?v=wOI3ACfDIYI,加藤純一 雑談ダイジェスト【2022/03/10】「激しく緊張している男のリアルな雑談(YouTube)」,2198
742,2022-03-10,https://www.youtube.com/watch?v=tDDCVSVFrEs,"【結婚式直前】既婚者と独身に結婚の意味を聞く結婚前の加藤純一【2021/04/10,09/21】",3902
743,2022-03-06,https://www.youtube.com/watch?v=kafGy7q_hHg,加藤純一 雑談ダイジェスト【2022/03/05】「皆が起きるまで暇つぶし(Twitch)」,1537
744,2022-03-05,https://www.youtube.com/watch?v=FdWH4YUZAgY,加藤純一 雑談ダイジェスト【2022/03/03】「雑談(Twitch)」,5635
745,2022-03-02,https://www.youtube.com/watch?v=n7-sE0O1PxM,加藤純一 雑談ダイジェスト【2022/03/02】「適当に時間つぶす(Twitch)」,2995
746,2022-02-28,https://www.youtube.com/watch?v=t2pqyK0wuNw,加藤純一 雑談ダイジェスト【2022/02/27】「雑談(Twitch)」,6814
747,2022-02-25,https://www.youtube.com/watch?v=V5cnEYKWkrM,"加藤純一 雑談ダイジェスト【2022/02/24】「雑談(YouTube,Twitch)」",2284
748,2022-02-21,https://www.youtube.com/watch?v=MF2EDQkkHUE,加藤純一 雑談ダイジェスト【2022/02/19】「加藤純一の面白雑談(Twitch)」,8758
749,2022-02-16,https://www.youtube.com/watch?v=AdJXQ4m8_Iw,加藤純一 雑談ダイジェスト【2022/02/15】「今後何をするか決める群衆(Twitch)」,2290
750,2022-02-14,https://www.youtube.com/watch?v=_wiEACdf-Vs,加藤純一×もこう 雑談&どうぶつタワーバトル&APEXダイジェスト【2022/02/14】,2751
751,2022-02-14,https://www.youtube.com/watch?v=rJX1mFVWKh8,加藤純一 雑談ダイジェスト【2022/02/13】「令和の大雑談(YouTube)」,2228
752,2022-01-25,https://www.youtube.com/watch?v=uEEKCsyGx8Y,加藤純一 雑談ダイジェスト【2022/01/24】「ALGSミラーする抜け道を皆で考える(Twitch)」,4338
753,2022-01-24,https://www.youtube.com/watch?v=LeCrLXXs4dw,加藤純一 雑談ダイジェスト【2022/01/23】「２０２２仕切り直し雑談放送(YouTube)」,2910
754,2022-01-23,https://www.youtube.com/watch?v=rPpBXNITnlo,新人Vtuber「東雲キメラ」デビュー配信ダイジェスト【2022/01/22】,1997
755,2022-01-19,https://www.youtube.com/watch?v=9LYAxcGHoc8,うんこちゃんのオールナイトウッポン 第8回〜第9回ダイジェスト,2894
756,2022-01-16,https://www.youtube.com/watch?v=ec2dIjDTdj8,加藤純一 雑談ダイジェスト【2022/01/12】「スタミナが切れた男の人(Twitch)」,7091
757,2022-01-15,https://www.youtube.com/watch?v=DFyWPdIWfYE,初代キメラ誕生の瞬間【2016/12/10】,692
758,2022-01-13,https://www.youtube.com/watch?v=sUdaeTD-qWs,新人Vtuber「東雲キメラ」生誕までの軌跡 福笑い編【2022/01/13】,3410
759,2022-01-11,https://www.youtube.com/watch?v=kqcRR7ciy2M,加藤純一 雑談ダイジェスト【2022/01/11】「雑談(Twitch)」,1484
760,2022-01-09,https://www.youtube.com/watch?v=cN3g84H4YZM,加藤純一 雑談ダイジェスト【2022/01/02】「雑談しながらポケカのドリームリーグを開封する(Twitch)」,1543
761,2022-01-04,https://www.youtube.com/watch?v=V0cV93Y7ZXE,"加藤純一 雑談ダイジェスト【2021/12/31】「そば前の雑談(Twitch),負け犬たちの年越し～２０２１～(YouTube)」",3081
762,2021-12-28,https://www.youtube.com/watch?v=c3wrnMssQr0,加藤純一 雑談ダイジェスト【2021/12/25】「雑談(Twitch)」,5392
763,2021-12-22,https://www.youtube.com/watch?v=Wl7o7Cv0Zrc,加藤純一 雑談ダイジェスト【2021/12/21】「雑談(YouTube)」,3584
764,2021-12-22,https://www.youtube.com/watch?v=bAbMZunxoIY,加藤純一 雑談ダイジェスト【2021/12/20】「諸々決める雑談(Twitch)」,5737
765,2021-12-17,https://www.youtube.com/watch?v=ghlueyI6eS8,加藤純一 雑談ダイジェスト【2021/12/16】「雑談(YouTube)」,4184
766,2021-11-24,https://www.youtube.com/watch?v=il7RgLClNnU,うんこちゃんのオールナイトウッポン 第5回〜第7回ダイジェスト,3143
767,2021-11-21,https://www.youtube.com/watch?v=jESmF3A282o,加藤純一 雑談ダイジェスト【2021/11/19】「ネットｸｿｳﾄ侍(Twitch)」,4574
768,2021-11-09,https://www.youtube.com/watch?v=NRi_nUITuws,加藤純一写真館「バナー選手権」,3211
769,2021-11-07,https://www.youtube.com/watch?v=jDQ3iBAbmdY,加藤純一 雑談ダイジェスト【2021/11/6】「大阪まで車載配信(Twitch)」,2167
770,2021-11-03,https://www.youtube.com/watch?v=TF-m1j0AL8E,加藤純一 雑談ダイジェスト【2021/10/30】「加藤純一の世界一くだらない話(YouTube)」,4448
771,2021-10-20,https://www.youtube.com/watch?v=kTP02vsKJ9g,加藤純一 雑談ダイジェスト【2021/10/17】「ネジキ負け犬おじさんたちの群れ(Twitch)」,3602
772,2021-10-17,https://www.youtube.com/watch?v=d1J3F2JbOMk,加藤純一 雑談ダイジェスト【2021/10/13】「8192年ぶりのにこなま(ニコ生)」,2274
773,2021-10-15,https://www.youtube.com/watch?v=i8jjnRiJBNw,加藤純一 雑談ダイジェスト【2021/10/12】「ちょっとだけ雑談(Twitch)」,2206
774,2021-10-12,https://www.youtube.com/watch?v=yyi07CZCJy0,加藤純一 雑談ダイジェスト【2021/10/10】「雑談する(Twitch)」,2535
775,2021-10-01,https://www.youtube.com/watch?v=DXV2ZHZzkmU,加藤純一 雑談ダイジェスト【2021/09/30】「雑談(Twitch)」,5480
776,2021-09-18,https://www.youtube.com/watch?v=1Q5jZB0e78M,加藤純一 雑談ダイジェスト【2021/09/16】「雑談をし、暇をつぶす(Twitch)」,4397
777,2021-09-17,https://www.youtube.com/watch?v=dXa4MNH81sQ,うんこちゃんのオールナイトウッポン 第1回〜第4回ダイジェスト,4347
778,2021-09-16,https://www.youtube.com/watch?v=OkXW6MyXpGw,加藤純一写真館「ファッションアドバイス編」,1931
779,2021-09-15,https://www.youtube.com/watch?v=zkrnRllcwIA,加藤純一写真館「絶対に人には見せられない物」,1390
780,2021-09-12,https://www.youtube.com/watch?v=roMYP83EKL0,加藤純一 仕事の流儀 〜毎日働く社会人へのメッセージ〜,1552
781,2021-09-08,https://www.youtube.com/watch?v=IeUwAV64vwM,"加藤純一 雑談ダイジェスト【2021/09/05】「１０００年ぶりのにこなま,999年ぶりのにこなま(ニコ生)」",3730
782,2021-09-07,https://www.youtube.com/watch?v=p3-mDJA8VkQ,加藤純一 雑談ダイジェスト【2021/09/04】「雑談します(Twitch)」,5073
783,2021-09-04,https://www.youtube.com/watch?v=dmjzSo7zUww,加藤純一 雑談ダイジェスト【2021/09/02】「自作のゲーム部屋をみんなに自慢する放送(YouTube)」,5073
784,2021-08-31,https://www.youtube.com/watch?v=QZxchTa59fE,タートル・カトーク 難病編,1565
785,2021-08-29,https://www.youtube.com/watch?v=cDVlAEH5G30,加藤純一×もこう×はんじょう 雑談ダイジェスト【2021/08/23】「ドライブ配信をする(Twitch)」,2475
786,2021-07-12,https://www.youtube.com/watch?v=4IGc4NeMVu8,タートル・カトーク 10代の相談編,1359
787,2021-08-24,https://www.youtube.com/watch?v=WlhqZj_LWFY,加藤純一 雑談ダイジェスト【2021/08/23】「雑談(Twitch)」,2549
788,2021-08-23,https://www.youtube.com/watch?v=Z_EunYLzMO0,加藤純一 雑談ダイジェスト【2021/08/22】「30分雑談(Twitch)」,1380
789,2021-08-19,https://www.youtube.com/watch?v=jNT9YcC_91g,加藤純一 雑談ダイジェスト【2021/08/17】「ふて寝する前に(Twitch)」,4946
790,2021-08-14,https://www.youtube.com/watch?v=KrPqaH2aBFY,加藤純一 雑談ダイジェスト【2021/08/10】「PCに負荷のかかるゲームをする。(Twitch)」,3891
791,2021-08-13,https://www.youtube.com/watch?v=HkCFYqCrqBU,加藤純一 雑談ダイジェスト【2021/08/12】「なつのざつだん。(YouTube)」,1663
792,2021-08-07,https://www.youtube.com/watch?v=Z2FJ87mf-gI,加藤純一×松本匡生 雑談ダイジェスト(Twitch)【2021/08/06】,1396
793,2021-08-01,https://www.youtube.com/watch?v=hngwvyUL1As,加藤純一 雑談ダイジェスト【2021/07/31】「ドンパチする。(Twitch)」,1847
794,2021-07-30,https://www.youtube.com/watch?v=V8teH35oJug,タートル・カトーク 恋愛相談編,1202
795,2021-07-27,https://www.youtube.com/watch?v=ieb1jTx1fb0,加藤純一 雑談ダイジェスト【2021/07/27】「負け犬(Twitch)」,961
796,2021-07-26,https://www.youtube.com/watch?v=islaFxmeqjI,加藤純一 雑談ダイジェスト【2021/07/26】「時間をつぶす。(Twitch)」,1678
797,2021-07-21,https://www.youtube.com/watch?v=PcDCEgIVxDg,加藤純一 雑談ダイジェスト【2021/07/20】「雑談(ニコ生)」,3580
798,2021-07-17,https://www.youtube.com/watch?v=RhIzl8DggEo,加藤純一 雑談ダイジェスト【2021/07/16】「雑談(Twitch)」,3969
799,2021-07-15,https://www.youtube.com/watch?v=bcRo2vVElxY,加藤純一 雑談ダイジェスト【2021/07/10】「加藤純一のハイパー雑談(YouTube)」,2827
